[{"details": {"id": 2243196, "name": "23 Wood Lane, Springfield Meadows", "accountId": 2649, "status": "Active", "peakPower": 6.03, "lastUpdateTime": "2021-09-27", "installationDate": "2021-03-22", "ptoDate": null, "notes": "", "type": "Optimizers & Inverters", "location": {"country": "United Kingdom", "city": "Abingdon", "address": "23,  Wood Lane,", "address2": "Longworth,", "zip": "OX13 5PL", "timeZone": "Europe/London", "countryCode": "GB"}, "primaryModule": {"manufacturerName": "LG Electronics Inc.", "modelName": "LG335N1K-V5 (Neon 2 Black)", "maximumPower": 335.0, "temperatureCoef": -0.36}, "uris": {"DETAILS": "/site/2243196/details", "DATA_PERIOD": "/site/2243196/dataPeriod", "OVERVIEW": "/site/2243196/overview"}, "publicSettings": {"isPublic": false}}}, {"Inventory": {"meters": [{"name": "Consumption Meter", "firmwareVersion": "", "connectedTo": "Inverter 1", "connectedSolaredgeDeviceSN": "731B26A4-58", "type": "Consumption", "form": "virtual"}, {"name": "Export Meter", "manufacturer": "WattNode", "model": "WND-3Y-400-MB", "firmwareVersion": "31", "connectedTo": "Inverter 1", "connectedSolaredgeDeviceSN": "731B26A4-58", "type": "FeedIn", "form": "physical", "SN": "5067777"}, {"name": "Import Meter", "manufacturer": "WattNode", "model": "WND-3Y-400-MB", "firmwareVersion": "31", "connectedTo": "Inverter 1", "connectedSolaredgeDeviceSN": "731B26A4-58", "type": "Purchased", "form": "physical", "SN": "5067777"}, {"name": "Self Consumption", "firmwareVersion": "", "connectedTo": "Inverter 1", "connectedSolaredgeDeviceSN": "731B26A4-58", "type": "SelfConsumption", "form": "virtual"}], "sensors": [], "gateways": [], "batteries": [], "inverters": [{"name": "Inverter 1", "manufacturer": "SolarEdge", "model": "SE5000H-RW000BNV4", "communicationMethod": "WIFI", "cpuVersion": "4.12.28", "SN": "731B26A4-58", "connectedOptimizers": 18}]}}, {"overview": {"lastUpdateTime": "2021-09-27 09:00:47", "lifeTimeData": {"energy": 3084851.0}, "lastYearData": {"energy": 2547474.0}, "lastMonthData": {"energy": 334109.0}, "lastDayData": {"energy": 1598.0}, "currentPower": {"power": 3358.5305}, "measuredBy": "INVERTER"}}]