date,values-FeedIn-2384458,values-SelfConsumption-2384458,values-Production-2384458,values-Purchased-2384458,values-Consumption-2384458,values-FeedIn-2274372,values-Consumption-2274372,values-SelfConsumption-2274372,values-Production-2274372,values-Purchased-2274372,values-FeedIn-2055689,values-Consumption-2055689,values-Purchased-2055689,values-SelfConsumption-2055689,values-Production-2055689,values-FeedIn-1816420,values-Consumption-1816420,values-Production-1816420,values-SelfConsumption-1816420,values-Purchased-1816420,values-FeedIn-2384874,values-Consumption-2384874,values-SelfConsumption-2384874,values-Production-2384874,values-Purchased-2384874,values-Production-2243196,values-Consumption-2243196,values-SelfConsumption-2243196,values-FeedIn-2243196,values-Purchased-2243196,Unnamed: 0,values-SelfConsumption-2401661,values-FeedIn-2401661,values-Production-2401661,values-Purchased-2401661,values-Consumption-2401661
2020-08-31,,,,,,,,,,,,,,,,0.0,0.0,0.0,0.0,0.0,,,,,,,,,,,,,,,,
2020-09-01,,,,,,,,,,,,,,,,0.0,0.0,0.0,0.0,0.0,,,,,,,,,,,,,,,,
2020-09-02,,,,,,,,,,,,,,,,0.0,0.0,0.0,0.0,0.0,,,,,,,,,,,,,,,,
2020-09-03,,,,,,,,,,,,,,,,0.0,0.0,0.0,0.0,0.0,,,,,,,,,,,,,,,,
2020-09-04,,,,,,,,,,,,,,,,0.0,0.0,0.0,0.0,0.0,,,,,,,,,,,,,,,,
2020-09-05,,,,,,,,,,,,,,,,0.0,0.0,0.0,0.0,0.0,,,,,,,,,,,,,,,,
2020-09-06,,,,,,,,,,,,,,,,0.0,0.0,0.0,0.0,0.0,,,,,,,,,,,,,,,,
2020-09-07,,,,,,,,,,,,,,,,0.0,0.0,0.0,0.0,0.0,,,,,,,,,,,,,,,,
2020-09-08,,,,,,,,,,,,,,,,0.0,0.0,0.0,0.0,0.0,,,,,,,,,,,,,,,,
2020-09-09,,,,,,,,,,,,,,,,0.0,0.0,0.0,0.0,0.0,,,,,,,,,,,,,,,,
2020-09-10,,,,,,,,,,,,,,,,0.0,0.0,0.0,0.0,0.0,,,,,,,,,,,,,,,,
2020-09-11,,,,,,,,,,,,,,,,0.0,0.0,0.0,0.0,0.0,,,,,,,,,,,,,,,,
2020-09-12,,,,,,,,,,,,,,,,0.0,0.0,0.0,0.0,0.0,,,,,,,,,,,,,,,,
2020-09-13,,,,,,,,,,,,,,,,0.0,0.0,0.0,0.0,0.0,,,,,,,,,,,,,,,,
2020-09-14,,,,,,,,,,,,,,,,0.0,0.0,0.0,0.0,0.0,,,,,,,,,,,,,,,,
2020-09-15,,,,,,,,,,,,,,,,0.0,0.0,0.0,0.0,0.0,,,,,,,,,,,,,,,,
2020-09-16,,,,,,,,,,,,,,,,0.0,0.0,0.0,0.0,0.0,,,,,,,,,,,,,,,,
2020-09-17,,,,,,,,,,,,,,,,0.0,0.0,0.0,0.0,0.0,,,,,,,,,,,,,,,,
2020-09-18,,,,,,,,,,,,,,,,0.0,0.0,0.0,0.0,0.0,,,,,,,,,,,,,,,,
2020-09-19,,,,,,,,,,,,,,,,0.0,0.0,0.0,0.0,0.0,,,,,,,,,,,,,,,,
2020-09-20,,,,,,,,,,,,,,,,0.0,0.0,0.0,0.0,0.0,,,,,,,,,,,,,,,,
2020-09-21,,,,,,,,,,,,,,,,0.0,0.0,0.0,0.0,0.0,,,,,,,,,,,,,,,,
2020-09-22,,,,,,,,,,,,,,,,0.0,0.0,0.0,0.0,0.0,,,,,,,,,,,,,,,,
2020-09-23,,,,,,,,,,,,,,,,0.0,0.0,0.0,0.0,0.0,,,,,,,,,,,,,,,,
2020-09-24,,,,,,,,,,,,,,,,0.0,0.0,0.0,0.0,0.0,,,,,,,,,,,,,,,,
2020-09-25,,,,,,,,,,,,,,,,0.0,0.0,0.0,0.0,0.0,,,,,,,,,,,,,,,,
2020-09-26,,,,,,,,,,,,,,,,0.0,0.0,0.0,0.0,0.0,,,,,,,,,,,,,,,,
2020-09-27,,,,,,,,,,,,,,,,0.0,0.0,0.0,0.0,0.0,,,,,,,,,,,,,,,,
2020-09-28,,,,,,,,,,,,,,,,1840.0,11531.0,5801.0,3961.0,7570.0,,,,,,,,,,,,,,,,
2020-09-29,,,,,,,,,,,,,,,,6901.0,22560.0,14646.0,7745.0,14815.0,,,,,,,,,,,,,,,,
2020-09-30,,,,,,,,,,,,,,,,383.0,2958.0,3341.0,16518.0,19476.0,,,,,,,,,,,,,,,,
2020-10-01,,,,,,,,,,,,,,,,5765.0,6098.0,11863.0,14435.0,20533.0,,,,,,,,,,,,,,,,
2020-10-02,,,,,,,,,,,,,,,,4.0,2086.0,2090.0,21703.0,23789.0,,,,,,,,,,,,,,,,
2020-10-03,,,,,,,,,,,,,,,,0.0,1211.0,1211.0,21725.0,22936.0,,,,,,,,,,,,,,,,
2020-10-04,,,,,,,,,,,,,,,,94.0,3215.0,3309.0,23526.0,26741.0,,,,,,,,,,,,,,,,
2020-10-05,,,,,,,,,,,,,,,,1270.0,5181.0,6451.0,19903.0,25084.0,,,,,,,,,,,,,,,,
2020-10-06,,,,,,,,,,,,,,,,2266.0,6631.0,8897.0,27917.0,34548.0,,,,,,,,,,,,,,,,
2020-10-07,,,,,,,,,,,,,,,,2885.0,6507.0,9392.0,22021.0,28528.0,,,,,,,,,,,,,,,,
2020-10-08,,,,,,,,,,,,,,,,2454.0,4456.0,6910.0,21081.0,25537.0,,,,,,,,,,,,,,,,
2020-10-09,,,,,,,,,,,,,,,,1529.0,7296.0,8825.0,25805.0,33101.0,,,,,,,,,,,,,,,,
2020-10-10,,,,,,,,,,,,,,,,4330.0,5126.0,9456.0,25089.0,30215.0,,,,,,,,,,,,,,,,
2020-10-11,,,,,,,,,,,,,,,,3629.0,7042.0,10671.0,22995.0,30037.0,,,,,,,,,,,,,,,,
2020-10-12,,,,,,,,,,,,,,,,601.0,3521.0,4122.0,20709.0,24230.0,,,,,,,,,,,,,,,,
2020-10-13,,,,,,,,,,,,,,,,2988.0,5992.0,8980.0,24943.0,30935.0,,,,,,,,,,,,,,,,
2020-10-14,,,,,,,,,,,,,,,,2723.0,4772.0,7495.0,21660.0,26432.0,,,,,,,,,,,,,,,,
2020-10-15,,,,,,,,,,,,,,,,894.0,5511.0,6405.0,27315.0,32826.0,,,,,,,,,,,,,,,,
2020-10-16,,,,,,,,,,,,,,,,487.0,4844.0,5331.0,27186.0,32030.0,,,,,,,,,,,,,,,,
2020-10-17,,,,,,,,,,,,,,,,1587.0,3923.0,5510.0,20855.0,24778.0,,,,,,,,,,,,,,,,
2020-10-18,,,,,,,,,,,,,,,,236.0,3736.0,3972.0,27224.0,30960.0,,,,,,,,,,,,,,,,
2020-10-19,,,,,,,,,,,,,,,,1310.0,6060.0,7370.0,27642.0,33702.0,,,,,,,,,,,,,,,,
2020-10-20,,,,,,,,,,,,,,,,2125.0,4562.0,6687.0,20095.0,24657.0,,,,,,,,,,,,,,,,
2020-10-21,,,,,,,,,,,,,,,,29.0,2213.0,2242.0,19752.0,21965.0,,,,,,,,,,,,,,,,
2020-10-22,,,,,,,,,,,,,,,,3758.0,6034.0,9792.0,19519.0,25553.0,,,,,,,,,,,,,,,,
2020-10-23,,,,,,,,,,,,,,,,2282.0,5009.0,7291.0,16105.0,21114.0,,,,,,,,,,,,,,,,
2020-10-24,,,,,,,,,,,,,,,,23.0,2339.0,2362.0,25320.0,27659.0,,,,,,,,,,,,,,,,
2020-10-25,,,,,,,,,,,,,,,,2363.0,3942.0,6305.0,22873.0,26815.0,,,,,,,,,,,,,,,,
2020-10-26,,,,,,,,,,,,,,,,3340.0,7040.0,10380.0,24963.0,32003.0,,,,,,,,,,,,,,,,
2020-10-27,,,,,,,,,,,,,,,,1002.0,3657.0,4659.0,23922.0,27579.0,,,,,,,,,,,,,,,,
2020-10-28,,,,,,,,,,,,,,,,857.0,5121.0,5978.0,27615.0,32736.0,,,,,,,,,,,,,,,,
2020-10-29,,,,,,,,,,,,,,,,2.0,2205.0,2207.0,29600.0,31805.0,,,,,,,,,,,,,,,,
2020-10-30,,,,,,,,,,,,,,,,637.0,2486.0,3123.0,19190.0,21676.0,,,,,,,,,,,,,,,,
2020-10-31,,,,,,,,,,,,,,,,2103.0,25214.0,20860.0,4354.0,6457.0,,,,,,,,,,,,,,,,
2020-11-01,,,,,,,,,,,,,,,,285.0,27431.0,25297.0,2134.0,2419.0,,,,,,,,,,,,,,,,
2020-11-02,,,,,,,,,,,,,,,,3189.0,20849.0,16899.0,3950.0,7139.0,,,,,,,,,,,,,,,,
2020-11-03,,,,,,,,,,,,,,,,1541.0,37953.0,31519.0,6434.0,7975.0,,,,,,,,,,,,,,,,
2020-11-04,,,,,,,,,,,,,,,,3137.0,33682.0,29097.0,4585.0,7722.0,,,,,,,,,,,,,,,,
2020-11-05,,,,,,,,,,,,,,,,3084.0,32125.0,26933.0,5192.0,8276.0,,,,,,,,,,,,,,,,
2020-11-06,,,,,,,,,,,,,,,,3448.0,39365.0,33375.0,5990.0,9438.0,,,,,,,,,,,,,,,,
2020-11-07,,,,,,,,,,,,,,,,1894.0,37503.0,33088.0,4415.0,6309.0,,,,,,,,,,,,,,,,
2020-11-08,,,,,,,,,,,,,,,,31.0,25792.0,24245.0,1547.0,1578.0,,,,,,,,,,,,,,,,
2020-11-09,,,,,,,,,,,,,,,,158.0,23490.0,22304.0,1186.0,1344.0,,,,,,,,,,,,,,,,
2020-11-10,,,,,,,,,,,,,,,,1180.0,28363.0,24491.0,3872.0,5052.0,,,,,,,,,,,,,,,,
2020-11-11,,,,,,,,,,,,,,,,0.0,30228.0,27983.0,2245.0,2245.0,,,,,,,,,,,,,,,,
2020-11-12,,,,,,,,,,,,,,,,2572.0,27229.0,22599.0,4630.0,7202.0,,,,,,,,,,,,,,,,
2020-11-13,,,,,,,,,,,,,,,,1290.0,26283.0,23504.0,2779.0,4069.0,,,,,,,,,,,,,,,,
2020-11-14,,,,,,,,,,,,,,,,0.0,25751.0,25171.0,580.0,580.0,,,,,,,,,,,,,,,,
2020-11-15,,,,,,,,,,,,,,,,766.0,28675.0,25331.0,3344.0,4110.0,,,,,,,,,,,,,,,,
2020-11-16,,,,,,,,,,,,,,,,382.0,33148.0,30568.0,2580.0,2962.0,,,,,,,,,,,,,,,,
2020-11-17,,,,,,,,,,,,,,,,21.0,31467.0,29335.0,2132.0,2153.0,,,,,,,,,,,,,,,,
2020-11-18,,,,,,,,,,,,,,,,0.0,29681.0,28549.0,1132.0,1132.0,,,,,,,,,,,,,,,,
2020-11-19,,,,,,,,,,,,,,,,1849.0,31725.0,27509.0,4216.0,6065.0,,,,,,,,,,,,,,,,
2020-11-20,,,,,,,,,,,,,,,,0.0,36078.0,34430.0,1648.0,1648.0,,,,,,,,,,,,,,,,
2020-11-21,,,,,,,,,,,,,,,,231.0,28590.0,25404.0,3186.0,3417.0,,,,,,,,,,,,,,,,
2020-11-22,,,,,,,,,,,,,,,,1198.0,30376.0,26804.0,3572.0,4770.0,,,,,,,,,,,,,,,,
2020-11-23,,,,,,,,,,,,,,,,449.0,42035.0,38438.0,3597.0,4046.0,,,,,,,,,,,,,,,,
2020-11-24,,,,,,,,,,,,,,,,216.0,30373.0,27207.0,3166.0,3382.0,,,,,,,,,,,,,,,,
2020-11-25,,,,,,,,,,,,,,,,10.0,35825.0,33841.0,1984.0,1994.0,,,,,,,,,,,,,,,,
2020-11-26,,,,,,,,,,,,,,,,908.0,45949.0,41816.0,4133.0,5041.0,,,,,,,,,,,,,,,,
2020-11-27,,,,,,,,,,,,,,,,0.0,60391.0,58472.0,1919.0,1919.0,,,,,,,,,,,,,,,,
2020-11-28,,,,,,,,,,,,,,,,0.0,29728.0,28809.0,919.0,919.0,,,,,,,,,,,,,,,,
2020-11-29,,,,,,,,,,,,,,,,0.0,31642.0,30678.0,964.0,964.0,,,,,,,,,,,,,,,,
2020-11-30,,,,,,,,,,,,,,,,1051.0,41944.0,0.0,40893.0,1051.0,,,,,,,,,,,,,,,,
2020-12-01,,,,,,,,,,,,,,,,3044.0,44667.0,1736.0,41623.0,4780.0,,,,,,,,,,,,,,,,
2020-12-02,,,,,,,,,,,,,,,,971.0,46819.0,0.0,45848.0,971.0,,,,,,,,,,,,,,,,
2020-12-03,,,,,,,,,,,,,,,,552.0,40708.0,0.0,40156.0,552.0,,,,,,,,,,,,,,,,
2020-12-04,,,,,,,,,,,,,,,,1929.0,55971.0,3.0,54042.0,1932.0,,,,,,,,,,,,,,,,
2020-12-05,,,,,,,,,,,,,,,,2464.0,43685.0,879.0,41221.0,3343.0,,,,,,,,,,,,,,,,
2020-12-06,,,,,,,,,,,,,,,,1393.0,58460.0,0.0,57067.0,1393.0,,,,,,,,,,,,,,,,
2020-12-07,,,,,,,,,,,,,,,,1501.0,64212.0,0.0,62711.0,1501.0,,,,,,,,,,,,,,,,
2020-12-08,,,,,,,,,,,,,,,,2349.0,50561.0,345.0,48212.0,2694.0,,,,,,,,,,,,,,,,
2020-12-09,,,,,,,,,,,,,,,,1687.0,52069.0,0.0,50382.0,1687.0,,,,,,,,,,,,,,,,
2020-12-10,,,,,,,,,,,,,,,,625.0,47282.0,0.0,46657.0,625.0,,,,,,,,,,,,,,,,
2020-12-11,,,,,,,,,,,,,,,,2228.0,38230.0,581.0,36002.0,2809.0,,,,,,,,,,,,,,,,
2020-12-12,,,,,,,,,,,,,,,,3271.0,36004.0,1611.0,32733.0,4882.0,,,,,,,,,,,,,,,,
2020-12-13,,,,,,,,,,,,,,,,550.0,46557.0,0.0,46007.0,550.0,,,,,,,,,,,,,,,,
2020-12-14,,,,,,,,,,,,,,,,2461.0,29552.0,92.0,27091.0,2553.0,,,,,,,,,,,,,,,,
2020-12-15,,,,,,,,,,,,,,,,2381.0,42285.0,918.0,39904.0,3299.0,,,,,,,,,,,,,,,,
2020-12-16,,,,,,,,,,,,,,,,1380.0,38851.0,5.0,37471.0,1385.0,,,,,,,,,,,,,,,,
2020-12-17,,,,,,,,,,,,,,,,1982.0,35393.0,546.0,33411.0,2528.0,,,,,,,,,,,,,,,,
2020-12-18,,,,,,,,,,,,,,,,902.0,35023.0,0.0,34121.0,902.0,,,,,,,,,,,,,,,,
2020-12-19,,,,,,,,,,,,,,,,2599.0,33404.0,1011.0,30805.0,3610.0,,,,,,,,,,,,,,,,
2020-12-20,,,,,,,,,,,,,,,,3243.0,42810.0,432.0,39567.0,3675.0,,,,,,,,,,,,,,,,
2020-12-21,,,,,,,,,,,,,,,,1370.0,33473.0,0.0,32103.0,1370.0,,,,,,,,,,,,,,,,
2020-12-22,,,,,,,,,,,,,,,,1116.0,38446.0,0.0,37330.0,1116.0,,,,,,,,,,,,,,,,
2020-12-23,,,,,,,,,,,,,,,,1178.0,38505.0,0.0,37327.0,1178.0,,,,,,,,,,,,,,,,
2020-12-24,,,,,,,,,,,,,,,,2652.0,49362.0,956.0,46710.0,3608.0,,,,,,,,,,,,,,,,
2020-12-25,,,,,,,,,,,,,,,,3616.0,53693.0,1113.0,50077.0,4729.0,,,,,,,,,,,,,,,,
2020-12-26,,,,,,,,,,,,,,,,1149.0,46573.0,0.0,45424.0,1149.0,,,,,,,,,,,,,,,,
2020-12-27,,,,,,,,,,,,,,,,3671.0,43544.0,348.0,39873.0,4019.0,,,,,,,,,,,,,,,,
2020-12-28,,,,,,,,,,,,,,,,1329.0,71139.0,0.0,69810.0,1329.0,,,,,,,,,,,,,,,,
2020-12-29,,,,,,,,,,,,,,,,1813.0,57643.0,183.0,55830.0,1996.0,,,,,,,,,,,,,,,,
2020-12-30,,,,,,,,,,,,,,,,2269.0,64762.0,2.0,62493.0,2271.0,,,,,,,,,,,,,,,,
2020-12-31,,,,,,,,,,,0.0,0.0,0.0,0.0,0.0,2974.0,58413.0,162.0,55439.0,3136.0,,,,,,,,,,,,,,,,
2021-01-01,,,,,,,,,,,0.0,0.0,0.0,0.0,0.0,1310.0,68318.0,0.0,67008.0,1310.0,,,,,,,,,,,,,,,,
2021-01-02,,,,,,,,,,,0.0,0.0,0.0,0.0,0.0,2116.0,48857.0,60.0,46741.0,2176.0,,,,,,,,,,,,,,,,
2021-01-03,,,,,,,,,,,0.0,0.0,0.0,0.0,0.0,2425.0,52790.0,52.0,50365.0,2477.0,,,,,,,,,,,,,,,,
2021-01-04,,,,,,,,,,,0.0,0.0,0.0,0.0,0.0,2119.0,58613.0,0.0,56494.0,2119.0,,,,,,,,,,,,,,,,
2021-01-05,,,,,,,,,,,0.0,0.0,0.0,0.0,0.0,2544.0,57133.0,159.0,54589.0,2703.0,,,,,,,,,,,,,,,,
2021-01-06,,,,,,,,,,,0.0,0.0,0.0,0.0,0.0,3761.0,58166.0,265.0,54405.0,4026.0,,,,,,,,,,,,,,,,
2021-01-07,,,,,,,,,,,0.0,0.0,0.0,0.0,0.0,1826.0,72541.0,0.0,70715.0,1826.0,,,,,,,,,,,,,,,,
2021-01-08,,,,,,,,,,,0.0,0.0,0.0,0.0,0.0,1014.0,64107.0,0.0,63093.0,1014.0,,,,,,,,,,,,,,,,
2021-01-09,,,,,,,,,,,0.0,0.0,0.0,0.0,0.0,1763.0,61639.0,0.0,59876.0,1763.0,,,,,,,,,,,,,,,,
2021-01-10,,,,,,,,,,,0.0,0.0,0.0,0.0,0.0,1734.0,64949.0,4.0,63215.0,1738.0,,,,,,,,,,,,,,,,
2021-01-11,,,,,,,,,,,0.0,0.0,0.0,0.0,0.0,2992.0,47203.0,57.0,44211.0,3049.0,,,,,,,,,,,,,,,,
2021-01-12,,,,,,,,,,,0.0,0.0,0.0,0.0,0.0,1960.0,42841.0,47.0,40881.0,2007.0,,,,,,,,,,,,,,,,
2021-01-13,,,,,,,,,,,0.0,0.0,0.0,0.0,0.0,1310.0,41363.0,0.0,40053.0,1310.0,,,,,,,,,,,,,,,,
2021-01-14,,,,,,,,,,,0.0,0.0,0.0,0.0,0.0,1089.0,36695.0,2.0,35606.0,1091.0,,,,,,,,,,,,,,,,
2021-01-15,,,,,,,,,,,0.0,0.0,0.0,0.0,0.0,2744.0,61574.0,41.0,58830.0,2785.0,,,,,,,,,,,,,,,,
2021-01-16,,,,,,,,,,,0.0,0.0,0.0,0.0,0.0,1863.0,45587.0,588.0,43724.0,2451.0,,,,,,,,,,,,,,,,
2021-01-17,,,,,,,,,,,0.0,0.0,0.0,0.0,0.0,2404.0,44094.0,622.0,41690.0,3026.0,,,,,,,,,,,,,,,,
2021-01-18,,,,,,,,,,,0.0,0.0,0.0,0.0,0.0,2547.0,43642.0,148.0,41095.0,2695.0,,,,,,,,,,,,,,,,
2021-01-19,,,,,,,,,,,0.0,0.0,0.0,0.0,0.0,1600.0,38471.0,12.0,36871.0,1612.0,,,,,,,,,,,,,,,,
2021-01-20,,,,,,,,,,,0.0,0.0,0.0,0.0,0.0,447.0,36677.0,0.0,36230.0,447.0,,,,,,,,,,,,,,,,
2021-01-21,,,,,,,,,,,0.0,0.0,0.0,0.0,0.0,2928.0,46489.0,579.0,43561.0,3507.0,,,,,,,,,,,,,,,,
2021-01-22,,,,,,,,,,,0.0,0.0,0.0,0.0,0.0,2638.0,45964.0,1594.0,43326.0,4232.0,,,,,,,,,,,,,,,,
2021-01-23,,,,,,,,,,,0.0,0.0,0.0,0.0,0.0,3502.0,56270.0,1920.0,52768.0,5422.0,,,,,,,,,,,,,,,,
2021-01-24,,,,,,,,,,,0.0,0.0,0.0,0.0,0.0,1062.0,60622.0,0.0,59560.0,1062.0,,,,,,,,,,,,,,,,
2021-01-25,,,,,,,,,,,0.0,0.0,0.0,0.0,0.0,3888.0,53344.0,397.0,49456.0,4285.0,,,,,,,,,,,,,,,,
2021-01-26,,,,,,,,,,,0.0,0.0,0.0,0.0,0.0,1885.0,61523.0,0.0,59638.0,1885.0,,,,,,,,,,,,,,,,
2021-01-27,,,,,,,,,,,18.0,72622.0,70978.0,1644.0,1662.0,2094.0,34519.0,189.0,32425.0,2283.0,,,,,,,,,,,,,,,,
2021-01-28,,,,,,,,,,,268.0,50531.0,43958.0,6573.0,6841.0,3086.0,29162.0,998.0,26076.0,4084.0,,,,,,,,,,,,,,,,
2021-01-29,,,,,,,,,,,383.0,49704.0,42364.0,7340.0,7723.0,3776.0,42132.0,233.0,38356.0,4009.0,,,,,,,,,,,,,,,,
2021-01-30,,,,,,,,,,,6.0,70689.0,69648.0,1041.0,1047.0,1403.0,56123.0,0.0,54720.0,1403.0,,,,,,,,,,,,,,,,
2021-01-31,,,,,,,,,,,2597.0,85348.0,2578.0,19.0,82770.0,13.0,56473.0,53813.0,2660.0,2673.0,,,,,,,,,,,,,,,,
2021-02-01,,,,,,,,,,,598.0,88167.0,598.0,0.0,87569.0,0.0,56937.0,56051.0,886.0,886.0,,,,,,,,,,,,,,,,
2021-02-02,,,,,,,,,,,9834.0,54095.0,9428.0,406.0,44667.0,1654.0,33728.0,29695.0,4033.0,5687.0,,,,,,,,,,,,,,,,
2021-02-03,,,,,,,,,,,4726.0,35428.0,4522.0,213.0,30915.0,823.0,36728.0,33050.0,3678.0,4501.0,,,,,,,,,,,,,,,,
2021-02-04,,,,,,,,,,,1572.0,68412.0,1565.0,7.0,66847.0,1.0,51815.0,49594.0,2221.0,2222.0,,,,,,,,,,,,,,,,
2021-02-05,,,,,,,,,,,7626.0,63120.0,7230.0,396.0,55890.0,2357.0,40197.0,36015.0,4182.0,6539.0,,,,,,,,,,,,,,,,
2021-02-06,,,,,,,,,,,5233.0,72115.0,5117.0,116.0,66998.0,465.0,48320.0,42621.0,5699.0,6164.0,,,,,,,,,,,,,,,,
2021-02-07,,,,,,,,,,,5965.0,76260.0,5743.0,222.0,70517.0,380.0,50701.0,47254.0,3447.0,3827.0,,,,,,,,,,,,,,,,
2021-02-08,,,,,,,,,,,4558.0,81982.0,4342.0,216.0,77640.0,30.0,70934.0,66160.0,4774.0,4804.0,,,,,,,,,,,,,,,,
2021-02-09,,,,,,,,,,,9032.0,84238.0,8850.0,182.0,75388.0,919.0,59965.0,55403.0,4562.0,5481.0,,,,,,,,,,,,,,,,
2021-02-10,,,,,,,,,,,13600.0,81872.0,13288.0,312.0,68584.0,1783.0,61243.0,52917.0,8326.0,10109.0,,,,,,,,,,,,,,,,
2021-02-11,,,,,,,,,,,7838.0,91715.0,7025.0,813.0,84690.0,699.0,65106.0,58342.0,6764.0,7463.0,,,,,,,,,,,,,,,,
2021-02-12,,,,,,,,,,,19125.0,86385.0,18858.0,267.0,67527.0,1526.0,60433.0,50858.0,9575.0,11101.0,,,,,,,,,,,,,,,,
2021-02-13,,,,,,,,,,,6748.0,83769.0,6693.0,55.0,77076.0,239.0,64207.0,59262.0,4945.0,5184.0,,,,,,,,,,,,,,,,
2021-02-14,,,,,,,,,,,1258.0,81960.0,1258.0,0.0,80702.0,0.0,53401.0,51840.0,1561.0,1561.0,,,,,,,,,,,,,,,,
2021-02-15,,,,,,,,,,,8026.0,63742.0,7810.0,216.0,55932.0,546.0,33947.0,30337.0,3610.0,4156.0,,,,,,,,,,,,,,,,
2021-02-16,,,,,,,,,,,4395.0,51871.0,4365.0,30.0,47506.0,1318.0,36018.0,30697.0,5321.0,6639.0,,,,,,,,,,,,,,,,
2021-02-17,,,,,,,,,,,5301.0,54645.0,5217.0,84.0,49428.0,889.0,34734.0,31458.0,3276.0,4165.0,,,,,,,,,,,,,,,,
2021-02-18,,,,,,,,,,,10278.0,56592.0,9834.0,444.0,46758.0,3309.0,40176.0,32827.0,7349.0,10658.0,,,,,,,,,,,,,,,,
2021-02-19,,,,,,,,,,,1200.0,62935.0,1200.0,0.0,61735.0,2.0,44891.0,43155.0,1736.0,1738.0,,,,,,,,,,,,,,,,
2021-02-20,,,,,,,,,,,6788.0,47103.0,6656.0,132.0,40447.0,1187.0,30797.0,26173.0,4624.0,5811.0,,,,,,,,,,,,,,,,
2021-02-21,,,,,,,,,,,2626.0,45171.0,2578.0,48.0,42593.0,1012.0,31871.0,29690.0,2181.0,3193.0,,,,,,,,,,,,,,,,
2021-02-22,,,,,,,,,,,6258.0,52416.0,6173.0,85.0,46243.0,4071.0,36789.0,30774.0,6015.0,10086.0,,,,,,,,,,,,,,,,
2021-02-23,,,,,,,,,,,14565.0,50354.0,14084.0,481.0,36270.0,3624.0,32546.0,27584.0,4962.0,8586.0,,,,,,,,,,,,,,,,
2021-02-24,,,,,,,,,,,9352.0,42335.0,8988.0,364.0,33347.0,1610.0,24871.0,20330.0,4541.0,6151.0,,,,,,,,,,,,,,,,
2021-02-25,,,,,,,,,,,9707.0,45201.0,9483.0,224.0,35718.0,5935.0,30306.0,23670.0,6636.0,12571.0,,,,,,,,,,,,,,,,
2021-02-26,,,,,,,,,,,20923.0,54288.0,19837.0,1086.0,34451.0,4109.0,32060.0,26279.0,5781.0,9890.0,,,,,,,,,,,,,,,,
2021-02-27,,,,,,,,,,,22348.0,49082.0,20358.0,1990.0,28724.0,7275.0,31929.0,25728.0,6201.0,13476.0,,,,,,,,,,,,,,,,
2021-02-28,,,,,,,,,,,22403.0,36888.0,21499.0,904.0,15389.0,14627.0,31293.0,7198.0,7429.0,24095.0,,,,,,,,,,,,,,,,
2021-03-01,,,,,,,,,,,11780.0,45430.0,11320.0,460.0,34110.0,14397.0,35405.0,7413.0,6984.0,27992.0,,,,,,,,,,,,,,,,
2021-03-02,,,,,,,,,,,7289.0,45982.0,7194.0,95.0,38788.0,10815.0,43689.0,7922.0,2893.0,35767.0,,,,,,,,,,,,,,,,
2021-03-03,,,,,,,,,,,2573.0,50615.0,2551.0,22.0,48064.0,3514.0,41829.0,3297.0,217.0,38532.0,,,,,,,,,,,,,,,,
2021-03-04,,,,,,,,,,,1633.0,57036.0,1630.0,3.0,55406.0,2433.0,48128.0,2433.0,0.0,45695.0,,,,,,,,,,,,,,,,
2021-03-05,,,,,,,,,,,4765.0,66295.0,4685.0,80.0,61610.0,6147.0,45962.0,5169.0,978.0,40793.0,,,,,,,,,,,,,,,,
2021-03-06,,,,,,,,,,,14593.0,66562.0,13651.0,942.0,52911.0,14459.0,40335.0,8518.0,5941.0,31817.0,,,,,,,,,,,,,,,,
2021-03-07,,,,,,,,,,,14421.0,56347.0,13981.0,440.0,42366.0,17275.0,42712.0,10426.0,6849.0,32286.0,,,,,,,,,,,,,,,,
2021-03-08,,,,,,,,,,,12512.0,53677.0,11992.0,520.0,41685.0,13800.0,35855.0,8369.0,5431.0,27486.0,,,,,,,,,,,,,,,,
2021-03-09,,,,,,,,,,,21776.0,53218.0,20518.0,1258.0,32700.0,11584.0,35520.0,6494.0,5090.0,29026.0,,,,,,,,,,,,,,,,
2021-03-10,,,,,,,,,,,1593.0,51393.0,1585.0,8.0,49808.0,2254.0,36205.0,2249.0,5.0,33956.0,,,,,,,,,,,,,,,,
2021-03-11,,,,,,,,,,,16238.0,58132.0,15052.0,1186.0,43080.0,11234.0,38165.0,8559.0,2675.0,29606.0,,,,,,,,,,,,,,,,
2021-03-12,,,,,,,,,,,17337.0,57580.0,16355.0,982.0,41225.0,14796.0,40157.0,8621.0,6175.0,31536.0,,,,,,,,,,,,,,,,
2021-03-13,,,,,,,,,,,12835.0,55360.0,11896.0,939.0,43464.0,13468.0,37221.0,8905.0,4563.0,28316.0,,,,,,,,,,,,,,,,
2021-03-14,,,,,,,,,,,8895.0,53886.0,8791.0,104.0,45095.0,7623.0,35984.0,5828.0,1795.0,30156.0,,,,,,,,,,,,,,,,
2021-03-15,,,,,,,,,,,13627.0,49911.0,13033.0,594.0,36878.0,13772.0,27187.0,7453.0,6319.0,19734.0,,,,,,,,,,,,,,,,
2021-03-16,,,,,,,,,,,11028.0,42001.0,10215.0,813.0,31786.0,16857.0,28653.0,8560.0,8297.0,20093.0,,,,,,,,,,,,,,,,
2021-03-17,,,,,,,,,,,8835.0,40488.0,8626.0,209.0,31862.0,16033.0,28410.0,8461.0,7572.0,19949.0,,,,,,,,,,,,,,,,
2021-03-18,,,,,,,,,,,5981.0,42836.0,5916.0,65.0,36920.0,7895.0,36229.0,6089.0,1806.0,30140.0,,,,,,,,,,,,,,,,
2021-03-19,,,,,,,,,,,7503.0,45741.0,7179.0,324.0,38562.0,8447.0,34287.0,7045.0,1402.0,27242.0,,,,,,,,,,,,,,,,
2021-03-20,,,,,,,,,,,3765.0,40660.0,3727.0,38.0,36933.0,5447.0,36691.0,4742.0,705.0,31949.0,,,,,,,,,,,,,,,,
2021-03-21,,,,,,,,,,,13230.0,45706.0,12461.0,769.0,33245.0,10151.0,28600.0,6188.0,3963.0,22412.0,,,,,,,,,,,,,,,,
2021-03-22,,,,,,,,,,,17689.0,50934.0,16321.0,1368.0,34613.0,17029.0,29358.0,8244.0,8785.0,21114.0,,,,,,,,,,,,,,,,
2021-03-23,,,,,,,,,,,10980.0,35215.0,4820.0,6160.0,30395.0,17366.0,30903.0,9490.0,7876.0,21413.0,,,,,,,,,,,,,,,,
2021-03-24,,,,,,,,,,,11484.0,43268.0,11022.0,462.0,32246.0,19971.0,30347.0,9467.0,10504.0,20880.0,,,,,,,,,,,,,,,,
2021-03-25,,,,,,,,,,,10463.0,41863.0,9988.0,475.0,31875.0,11062.0,30945.0,8028.0,3034.0,22917.0,,,,,,,,,,,,,,,,
2021-03-26,,,,,,,,,,,8350.0,44092.0,7753.0,597.0,36339.0,14773.0,30188.0,8815.0,5958.0,21373.0,,,,,,,,,,,,,,,,
2021-03-27,,,,,,,,,,,18630.0,43064.0,15848.0,2782.0,27216.0,13311.0,32676.0,8405.0,4906.0,24271.0,,,,,,,,,,,,,,,,
2021-03-28,,,,,,,,,,,5677.0,34593.0,5585.0,92.0,29008.0,7841.0,29233.0,6365.0,1476.0,22868.0,,,,,,,,,,,,,,,,
2021-03-29,,,,,,,,,,,14281.0,41124.0,13700.0,581.0,27424.0,24642.0,28345.0,11030.0,13612.0,17315.0,,,,,,,,,,,,,,,,
2021-03-30,,,,,,,,,,,23415.0,32175.0,18187.0,5228.0,13988.0,20433.0,22736.0,8363.0,12070.0,14373.0,,,,,,,,,,,,,,,,
2021-03-31,,,,,,,,,,,274.0,22255.0,11018.0,11237.0,11511.0,3195.0,17200.0,10879.0,6321.0,9516.0,,,,,,,,,,,,,,,,
2021-04-01,,,,,,,,,,,814.0,23960.0,12148.0,11812.0,12626.0,7230.0,26905.0,16956.0,9949.0,17179.0,,,,,,,,,,,,,,,,
2021-04-02,,,,,,,,,,,1147.0,30345.0,13546.0,16799.0,17946.0,13644.0,30239.0,20112.0,10127.0,23771.0,,,,,,,,,,,,,,,,
2021-04-03,,,,,,,,,,,171.0,29103.0,20108.0,8995.0,9166.0,7520.0,30870.0,19659.0,11211.0,18731.0,,,,,,,,,,,,,,,,
2021-04-04,,,,,,,,,,,7368.0,36324.0,15922.0,20402.0,27770.0,14284.0,27797.0,18179.0,9618.0,23902.0,,,,,,,,,,,,,,,,
2021-04-05,,,,,,,,,,,1259.0,36665.0,18750.0,17915.0,19174.0,15909.0,26263.0,14480.0,11783.0,27692.0,,,,,,,,,,,,,,,,
2021-04-06,,,,,,,,,,,2293.0,42652.0,26286.0,16366.0,18659.0,8052.0,31183.0,23633.0,7550.0,15602.0,,,,,,,,,,,,,,,,
2021-04-07,,,,,,,,,,,95.0,44990.0,37642.0,7348.0,7443.0,1349.0,43213.0,34481.0,8732.0,10081.0,,,,,,,,,,,,,,,,
2021-04-08,,,,,,,,,,,1190.0,48169.0,36359.0,11813.0,13000.0,1442.0,34750.0,27023.0,7727.0,9169.0,,,,,,,,,,,,,,,,
2021-04-09,,,,,,,,,,,2176.0,40305.0,24002.0,16303.0,18479.0,4212.0,30302.0,22760.0,7542.0,11754.0,,,,,,,,,,,,,,,,
2021-04-10,,,,,,,,,,,31.0,35202.0,32702.0,2500.0,2531.0,407.0,32462.0,29168.0,3294.0,3701.0,,,,,,,,,,,,,,,,
2021-04-11,,,,,,,,,,,1771.0,53676.0,35057.0,18619.0,20390.0,11195.0,33702.0,23245.0,10457.0,21652.0,,,,,,,,,,,,,,,,
2021-04-12,,,,,,,,,,,1079.0,52808.0,35041.0,17767.0,18846.0,10485.0,33328.0,21734.0,11594.0,22079.0,,,,,,,,,,,,,,,,
2021-04-13,,,,,,,,,,,5473.0,38700.0,19831.0,18869.0,24342.0,11187.0,27117.0,18670.0,8447.0,19634.0,,,,,,,,,,,,,,,,
2021-04-14,,,,,,,,,,,1903.0,40638.0,24737.0,15901.0,17804.0,10076.0,22192.0,12873.0,9319.0,19395.0,,,,,,,,,,,,,,,,
2021-04-15,,,,,,,,,,,2058.0,38172.0,21537.0,16635.0,18693.0,8149.0,25252.0,17663.0,7589.0,15738.0,,,,,,,,,,,,,,,,
2021-04-16,,,,,,,,,,,646.0,41844.0,27928.0,13916.0,14562.0,6418.0,27680.0,19969.0,7711.0,14129.0,,,,,,,,,,,,,,,,
2021-04-17,,,,,,,,,,,10403.0,38034.0,19844.0,18190.0,28593.0,17844.0,30133.0,19344.0,10789.0,28633.0,,,,,,,,,,,,,,,,
2021-04-18,,,,,,,,,,,6646.0,31486.0,11752.0,19734.0,26380.0,14293.0,24427.0,13276.0,11151.0,25444.0,,,,,,,,,,,,,,,,
2021-04-19,,,,,,,,,,,7803.0,29754.0,10512.0,19242.0,27045.0,14361.0,24323.0,12746.0,11577.0,25938.0,,,,,,,,,,,,,,,,
2021-04-20,,,,,,,,,,,3862.0,28305.0,8197.0,20108.0,23970.0,8867.0,24850.0,15158.0,9692.0,18559.0,,,,,,,,,,,,,,,,
2021-04-21,,,,,,,,,,,2322.0,28568.0,11936.0,16632.0,18954.0,5681.0,19817.0,11097.0,8720.0,14401.0,,,,,,,,,,,,,,,,
2021-04-22,,,,,,,,,,,8873.0,26866.0,6625.0,20241.0,29114.0,17878.0,29015.0,17236.0,11779.0,29657.0,,,,,,,,,,,,,,,,
2021-04-23,,,,,,,,,,,7887.0,31509.0,10593.0,20916.0,28803.0,15823.0,25261.0,14623.0,10638.0,26461.0,,,,,,,,,,,,,,,,
2021-04-24,,,,,,,,,,,10569.0,26615.0,8527.0,18088.0,28657.0,17733.0,24958.0,12723.0,12235.0,29968.0,,,,,,,,,,,,,,,,
2021-04-25,,,,,,,,,,,9644.0,25432.0,7281.0,18151.0,27795.0,17468.0,25557.0,11476.0,14081.0,31549.0,,,,,,,,,,,,,,,,
2021-04-26,,,,,,,,,,,5069.0,25961.0,9548.0,16413.0,21482.0,17975.0,26847.0,15482.0,11365.0,29340.0,,,,,,,,,,,,,,,,
2021-04-27,,,,,,,,,,,476.0,26796.0,15821.0,10975.0,11451.0,6424.0,21688.0,14408.0,7280.0,13704.0,,,,,,,,,,,,,,,,
2021-04-28,,,,,,,,,,,84.0,23961.0,21062.0,2904.0,2983.0,150.0,26834.0,22488.0,4346.0,4496.0,,,,,,,,,,,,,,,,
2021-04-29,,,,,,,,,,,1312.0,31227.0,13883.0,17344.0,18656.0,8948.0,27349.0,18783.0,8566.0,17514.0,,,,,,,,,,,,,,,,
2021-04-30,,,,,,0.0,0.0,0.0,0.0,0.0,17450.0,1748.0,15702.0,18936.0,34638.0,24582.0,26025.0,13723.0,10859.0,15166.0,,,,,,0.0,0.0,0.0,0.0,0.0,,,,,,
2021-05-01,,,,,,0.0,0.0,0.0,0.0,0.0,21301.0,2501.0,18800.0,12173.0,30973.0,26418.0,23177.0,17673.0,8745.0,14432.0,,,,,,0.0,0.0,0.0,0.0,0.0,,,,,,
2021-05-02,,,,,,0.0,0.0,0.0,0.0,0.0,19819.0,1668.0,18151.0,16490.0,34641.0,16969.0,24287.0,7459.0,9510.0,14777.0,,,,,,0.0,0.0,0.0,0.0,0.0,,,,,,
2021-05-03,,,,,,0.0,0.0,0.0,0.0,0.0,7553.0,122.0,7431.0,24949.0,32380.0,8785.0,25054.0,1874.0,6911.0,18143.0,,,,,,0.0,0.0,0.0,0.0,0.0,,,,,,
2021-05-04,,,,,,0.0,0.0,0.0,0.0,0.0,15456.0,1304.0,14152.0,20340.0,34492.0,26177.0,31854.0,12693.0,13484.0,18370.0,,,,,,0.0,0.0,0.0,0.0,0.0,,,,,,
2021-05-05,,,,,,0.0,0.0,0.0,0.0,0.0,18665.0,2624.0,16041.0,13520.0,29561.0,15793.0,32863.0,5371.0,10422.0,22441.0,,,,,,0.0,0.0,0.0,0.0,0.0,,,,,,
2021-05-06,,,,,,0.0,0.0,0.0,0.0,0.0,18480.0,1734.0,16746.0,19437.0,36183.0,28640.0,33601.0,16507.0,12133.0,21468.0,,,,,,0.0,0.0,0.0,0.0,0.0,,,,,,
2021-05-07,,,,,,0.0,0.0,0.0,0.0,0.0,17534.0,2207.0,15327.0,14590.0,29917.0,17916.0,24759.0,7702.0,10214.0,14545.0,,,,,,0.0,0.0,0.0,0.0,0.0,,,,,,
2021-05-08,,,,,,0.0,0.0,0.0,0.0,0.0,2169.0,8.0,2161.0,27798.0,29959.0,3074.0,32092.0,14.0,3060.0,29032.0,,,,,,3184.0,27100.0,3067.0,117.0,24033.0,,,,,,
2021-05-09,,,,,,0.0,0.0,0.0,0.0,0.0,11008.0,531.0,10477.0,19482.0,29959.0,13579.0,24130.0,5989.0,7590.0,16540.0,,,,,,13040.0,25644.0,8160.0,4880.0,17484.0,,,,,,
2021-05-10,,,,,,0.0,0.0,0.0,0.0,0.0,19385.0,2769.0,16616.0,13037.0,29653.0,31448.0,23330.0,19343.0,12105.0,11225.0,,,,,,20278.0,19999.0,7716.0,12562.0,12283.0,,,,,,
2021-05-11,,,,,,0.0,0.0,0.0,0.0,0.0,18368.0,11934.0,6434.0,13988.0,20422.0,21206.0,20984.0,12549.0,8657.0,12327.0,,,,,,16968.0,23868.0,9288.0,7680.0,14580.0,,,,,,
2021-05-12,,,,,,0.0,0.0,0.0,0.0,0.0,22241.0,3200.0,19041.0,12369.0,31410.0,22220.0,21866.0,12417.0,9803.0,12063.0,,,,,,26846.0,21936.0,9825.0,17021.0,12111.0,,,,,,
2021-05-13,,,,,,0.0,0.0,0.0,0.0,0.0,6149.0,152.0,5997.0,19372.0,25369.0,8721.0,21015.0,1715.0,7006.0,14009.0,,,,,,8672.0,20254.0,6348.0,2324.0,13906.0,,,,,,
2021-05-14,,,,,,0.0,0.0,0.0,0.0,0.0,8529.0,150.0,8379.0,18518.0,26897.0,19048.0,23924.0,8728.0,10320.0,13604.0,,,,,,10932.0,26211.0,7219.0,3713.0,18992.0,,,,,,
2021-05-15,,,,,,0.0,0.0,0.0,0.0,0.0,11219.0,326.0,10893.0,23912.0,34805.0,20810.0,22342.0,10734.0,10076.0,12266.0,,,,,,12105.0,21893.0,6580.0,5525.0,15313.0,,,,,,
2021-05-16,,,,,,0.0,0.0,0.0,0.0,0.0,19991.0,1453.0,18538.0,13667.0,32205.0,19515.0,22363.0,8815.0,10700.0,11663.0,,,,,,28817.0,25046.0,12478.0,16339.0,12568.0,,,,,,
2021-05-17,,,,,,0.0,0.0,0.0,0.0,0.0,14834.0,2981.0,11853.0,15021.0,26874.0,16757.0,18788.0,8516.0,8241.0,10547.0,,,,,,17206.0,21906.0,8727.0,8479.0,13179.0,,,,,,
2021-05-18,,,,,,0.0,0.0,0.0,0.0,0.0,19340.0,2307.0,17033.0,8770.0,25803.0,22895.0,25010.0,11164.0,11731.0,13279.0,,,,,,24865.0,27479.0,12384.0,12481.0,15095.0,,,,,,
2021-05-19,,,,,,0.0,0.0,0.0,0.0,0.0,18716.0,6295.0,12421.0,4669.0,17090.0,24917.0,19123.0,14385.0,10532.0,8591.0,,,,,,27473.0,27546.0,12447.0,15026.0,15099.0,,,,,,
2021-05-20,,,,,,0.0,0.0,0.0,0.0,0.0,10454.0,999.0,9456.0,16736.0,26191.0,13157.0,20557.0,5570.0,7587.0,12970.0,,,,,,11094.0,28396.0,7661.0,3433.0,20735.0,,,,,,
2021-05-21,,,,,,0.0,0.0,0.0,0.0,0.0,8627.0,511.0,8116.0,14109.0,22225.0,11980.0,25035.0,2834.0,9146.0,15889.0,,,,,,12022.0,27804.0,8795.0,3227.0,19009.0,,,,,,
2021-05-22,,,,,,0.0,0.0,0.0,0.0,0.0,10626.0,411.0,10215.0,17368.0,27583.0,14843.0,20865.0,6612.0,8231.0,12634.0,,,,,,12872.0,30870.0,8458.0,4414.0,22412.0,,,,,,
2021-05-23,,,,,,0.0,0.0,0.0,0.0,0.0,13932.0,920.0,13012.0,20825.0,33837.0,15335.0,24203.0,6712.0,8623.0,15580.0,,,,,,21323.0,37942.0,13961.0,7362.0,23981.0,,,,,,
2021-05-24,,,,,,0.0,0.0,0.0,0.0,0.0,16080.0,1440.0,14640.0,23203.0,37843.0,21641.0,21121.0,12557.0,9084.0,12037.0,,,,,,23814.0,30074.0,11669.0,12145.0,18405.0,,,,,,
2021-05-25,,,,,,0.0,0.0,0.0,0.0,0.0,15894.0,1902.0,13992.0,18460.0,32452.0,19485.0,22699.0,9692.0,9793.0,12906.0,,,,,,22228.0,24383.0,10268.0,11960.0,14115.0,,,,,,
2021-05-26,,,,,,0.0,2670.0,0.0,0.0,2670.0,19905.0,1690.0,18215.0,16157.0,34372.0,22859.0,20744.0,12305.0,10554.0,10190.0,,,,,,20991.0,31147.0,12631.0,8360.0,18516.0,,,,,,
2021-05-27,,,,,,25.0,25755.0,12861.0,12886.0,12894.0,23904.0,1480.0,22424.0,7303.0,29727.0,25038.0,22143.0,15579.0,9459.0,12684.0,,,,,,35238.0,25403.0,15468.0,19770.0,9935.0,,,,,,
2021-05-28,,,,,,8.0,14627.0,5792.0,5800.0,8835.0,7893.0,127.0,7766.0,21345.0,29111.0,10955.0,17496.0,4596.0,6359.0,11137.0,,,,,,11948.0,16602.0,6894.0,5054.0,9708.0,,,,,,
2021-05-29,,,,,,51.0,17183.0,11701.0,11752.0,5482.0,14852.0,472.0,14380.0,18394.0,32774.0,29318.0,20070.0,17946.0,11372.0,8698.0,,,,,,12815.0,25704.0,6856.0,5959.0,18848.0,,,,,,
2021-05-30,,,,,,132.0,18964.0,15617.0,15749.0,3347.0,21092.0,809.0,20283.0,12046.0,32329.0,36053.0,19369.0,23662.0,12391.0,6978.0,,,,,,23027.0,24186.0,9995.0,13032.0,14191.0,,,,,,
2021-05-31,,,,,,65.0,13943.0,3559.0,10384.0,10449.0,22588.0,34696.0,2088.0,20500.0,14196.0,21095.0,22773.0,9286.0,13487.0,34582.0,,,,,,11416.0,23544.0,7768.0,12128.0,19184.0,,,,,,
2021-06-01,,,,,,267.0,14920.0,4063.0,10857.0,11124.0,26089.0,25644.0,6196.0,19893.0,5751.0,18818.0,21778.0,10091.0,11687.0,30505.0,,,,,,12129.0,19859.0,21785.0,7730.0,33914.0,,,,,,
2021-06-02,,,,,,6.0,11012.0,4908.0,6104.0,6110.0,18541.0,26204.0,2425.0,16116.0,10088.0,5243.0,17732.0,11218.0,6514.0,11757.0,,,,,,10572.0,22701.0,21019.0,12129.0,31591.0,,,,,,
2021-06-03,,,,,,25.0,14128.0,5001.0,9127.0,9152.0,16181.0,26293.0,1222.0,14959.0,11334.0,14166.0,18328.0,10334.0,7994.0,22160.0,,,,,,5847.0,13093.0,11365.0,7246.0,17212.0,,,,,,
2021-06-04,,,,,,90.0,15359.0,4330.0,11029.0,11119.0,12582.0,24350.0,263.0,12319.0,12031.0,19214.0,19152.0,8656.0,10496.0,29710.0,,,,,,8616.0,25045.0,5280.0,16429.0,13896.0,,,,,,
2021-06-05,,,,,,69.0,14426.0,3038.0,11388.0,11457.0,27144.0,26264.0,7809.0,19335.0,6929.0,21103.0,22244.0,9779.0,12465.0,33568.0,,,,,,11214.0,21556.0,23619.0,10342.0,34833.0,,,,,,
2021-06-06,,,,,,72.0,15834.0,5351.0,10483.0,10555.0,13073.0,26142.0,1282.0,11791.0,14351.0,12133.0,17652.0,7278.0,10374.0,22507.0,,,,,,9566.0,24150.0,4983.0,14584.0,14549.0,,,,,,
2021-06-07,,,,,,28.0,13597.0,4756.0,8841.0,8869.0,17923.0,22873.0,1718.0,16205.0,6668.0,15557.0,18051.0,7826.0,10225.0,25782.0,,,,,,9677.0,22367.0,10248.0,12690.0,19925.0,,,,,,
2021-06-08,,,,,,40.0,15109.0,3811.0,11298.0,11338.0,25300.0,21173.0,9351.0,15949.0,5224.0,22093.0,20563.0,8650.0,11913.0,34006.0,,,,,,10914.0,20104.0,21801.0,9190.0,32715.0,,,,,,
2021-06-09,,,,,,25.0,10913.0,3787.0,7126.0,7151.0,23449.0,22248.0,5563.0,17886.0,4362.0,10289.0,18298.0,10237.0,8061.0,18350.0,,,,,,14508.0,22557.0,20932.0,8049.0,35440.0,,,,,,
2021-06-10,,,,,,18.0,16465.0,8051.0,8414.0,8432.0,14156.0,21321.0,2028.0,12128.0,9193.0,9391.0,16577.0,8241.0,8336.0,17727.0,,,,,,10234.0,18447.0,9088.0,8213.0,19322.0,,,,,,
2021-06-11,,,,,,49.0,15546.0,4942.0,10604.0,10653.0,15954.0,20306.0,1809.0,14145.0,6161.0,17089.0,19554.0,7720.0,11834.0,28923.0,,,,,,8119.0,20197.0,9613.0,12078.0,17732.0,,,,,,
2021-06-12,,,,,,35.0,13168.0,4413.0,8755.0,8790.0,22912.0,18745.0,8545.0,14367.0,4378.0,21328.0,18904.0,7286.0,11618.0,32946.0,,,,,,9551.0,18786.0,20636.0,9235.0,30187.0,,,,,,
2021-06-13,,,,,,60.0,15265.0,4735.0,10530.0,10590.0,26954.0,20684.0,9969.0,16985.0,3699.0,18208.0,19950.0,8859.0,11091.0,29299.0,,,,,,14233.0,34708.0,19693.0,20475.0,33926.0,,,,,,
2021-06-14,,,,,,48.0,13021.0,5140.0,7881.0,7929.0,22843.0,21066.0,6358.0,16485.0,4581.0,10852.0,18011.0,9325.0,8686.0,19538.0,,,,,,17125.0,32723.0,17358.0,15598.0,34483.0,,,,,,
2021-06-15,,,,,,109.0,15789.0,3594.0,12195.0,12304.0,24010.0,20446.0,7878.0,16132.0,4314.0,21504.0,23314.0,9014.0,14300.0,35804.0,,,,,,12792.0,26542.0,15337.0,13750.0,28129.0,,,,,,
2021-06-16,,,,,,29.0,11711.0,3993.0,7718.0,7747.0,23525.0,19235.0,8538.0,14987.0,4248.0,10106.0,20383.0,9646.0,10737.0,20843.0,,,,,,13977.0,30669.0,16893.0,16692.0,30870.0,,,,,,
2021-06-17,,,,,,24.0,12602.0,6464.0,6138.0,6162.0,10130.0,18804.0,1126.0,9004.0,9800.0,6232.0,18501.0,11230.0,7271.0,13503.0,,,,,,8784.0,27387.0,4838.0,18603.0,13622.0,,,,,,
2021-06-18,,,,,,2.0,12335.0,9360.0,2975.0,2977.0,3011.0,17463.0,21.0,2990.0,14473.0,492.0,16573.0,12681.0,3892.0,4384.0,,,,,,4142.0,20469.0,225.0,16327.0,4367.0,,,,,,
2021-06-19,,,,,,13.0,14541.0,10465.0,4076.0,4089.0,4883.0,20677.0,227.0,4656.0,16021.0,1814.0,16514.0,10825.0,5689.0,7503.0,,,,,,5888.0,18519.0,1492.0,12631.0,7380.0,,,,,,
2021-06-20,,,,,,13.0,15888.0,11655.0,4233.0,4246.0,4180.0,21296.0,62.0,4118.0,17178.0,1399.0,16516.0,11968.0,4548.0,5947.0,,,,,,5917.0,29711.0,108.0,23794.0,6025.0,,,,,,
2021-06-21,,,,,,21.0,13072.0,7690.0,5382.0,5403.0,7066.0,25610.0,101.0,6965.0,18645.0,2696.0,18946.0,11465.0,7481.0,10177.0,,,,,,8491.0,24225.0,1892.0,15734.0,10383.0,,,,,,
2021-06-22,,,,,,49.0,17056.0,6578.0,10478.0,10527.0,16339.0,26860.0,1559.0,14780.0,12080.0,11493.0,21535.0,10048.0,11487.0,22980.0,,,,,,11757.0,27032.0,10693.0,15275.0,22450.0,,,,,,
2021-06-23,,,,,,33.0,16150.0,5599.0,10551.0,10584.0,23054.0,20152.0,7468.0,15586.0,4566.0,18252.0,22393.0,9232.0,13161.0,31413.0,,,,,,12371.0,23965.0,21655.0,11594.0,34026.0,,,,,,
2021-06-24,,,,,,23.0,10344.0,4533.0,5811.0,5834.0,9799.0,21703.0,293.0,9508.0,12197.0,4444.0,20913.0,11843.0,9070.0,13514.0,,,,,,9343.0,22050.0,4051.0,12707.0,13394.0,,,,,,
2021-06-25,,,,,,25.0,11911.0,5978.0,5933.0,5958.0,17269.0,19009.0,5766.0,11503.0,7506.0,13707.0,21391.0,9826.0,11565.0,25272.0,,,,,,11080.0,24553.0,8936.0,13473.0,20016.0,,,,,,
2021-06-26,,,,,,53.0,16802.0,4997.0,11805.0,11858.0,17294.0,19436.0,6014.0,11280.0,8156.0,11100.0,21626.0,9391.0,12235.0,23335.0,,,,,,9509.0,16715.0,12898.0,7206.0,22407.0,,,,,,
2021-06-27,,,,,,41.0,11344.0,7150.0,4194.0,4235.0,4752.0,19598.0,242.0,4525.0,15088.0,1540.0,19504.0,13387.0,6117.0,7657.0,,,,,,7007.0,20828.0,511.0,13821.0,7518.0,,,,,,
2021-06-28,,,,,,4.0,11310.0,7380.0,3930.0,3934.0,4369.0,23300.0,224.0,4155.0,19155.0,1141.0,16446.0,11128.0,5318.0,6459.0,,,,,,5958.0,23880.0,446.0,17922.0,6404.0,,,,,,
2021-06-29,,,,,,22.0,13482.0,7469.0,6013.0,6035.0,7383.0,25881.0,400.0,6991.0,18898.0,3600.0,23572.0,15520.0,8052.0,11652.0,,,,,,6880.0,23191.0,3831.0,16311.0,10711.0,,,,,,
2021-06-30,0.0,0.0,0.0,0.0,0.0,17.0,14656.0,9366.0,9349.0,5307.0,13822.0,19797.0,1478.0,12350.0,7453.0,11381.0,19021.0,22117.0,10736.0,8285.0,0.0,0.0,0.0,0.0,0.0,18479.0,22903.0,7650.0,10829.0,12074.0,,,,,,
2021-07-01,0.0,0.0,0.0,0.0,0.0,19.0,13622.0,9583.0,9564.0,4058.0,16360.0,22229.0,1858.0,14502.0,7727.0,13833.0,20963.0,26210.0,12377.0,8586.0,0.0,0.0,0.0,0.0,0.0,22643.0,23224.0,11542.0,11101.0,12123.0,,,,,,
2021-07-02,0.0,0.0,0.0,0.0,0.0,15.0,6984.0,4455.0,4440.0,2544.0,15445.0,15807.0,4809.0,10636.0,5171.0,15278.0,17632.0,25468.0,10190.0,7442.0,0.0,0.0,0.0,0.0,0.0,16464.0,21085.0,6750.0,9714.0,11371.0,,,,,,
2021-07-03,0.0,0.0,0.0,0.0,0.0,39.0,14414.0,8504.0,8465.0,5949.0,11402.0,16801.0,1804.0,9598.0,7203.0,11384.0,18158.0,20028.0,8644.0,9514.0,0.0,0.0,0.0,0.0,0.0,16242.0,19751.0,8751.0,7491.0,12260.0,,,,,,
2021-07-04,0.0,0.0,0.0,0.0,0.0,50.0,14637.0,7289.0,7239.0,7398.0,17369.0,18821.0,2683.0,14692.0,4135.0,10027.0,19020.0,19318.0,9291.0,9729.0,0.0,0.0,0.0,0.0,0.0,19359.0,23136.0,9745.0,9614.0,13522.0,,,,,,
2021-07-05,0.0,0.0,0.0,0.0,0.0,19.0,15373.0,8566.0,8547.0,6826.0,20627.0,16159.0,8549.0,12078.0,4081.0,6859.0,20170.0,16630.0,9771.0,10399.0,0.0,0.0,0.0,0.0,0.0,34051.0,25162.0,21439.0,12612.0,12550.0,,,,,,
2021-07-06,0.0,0.0,0.0,0.0,0.0,12.0,11623.0,5729.0,5717.0,5906.0,17505.0,21124.0,4374.0,13131.0,7993.0,12623.0,18159.0,20710.0,8087.0,10072.0,0.0,0.0,0.0,0.0,0.0,20377.0,18117.0,11950.0,8427.0,9690.0,,,,,,
2021-07-07,0.0,0.0,0.0,0.0,0.0,24.0,15689.0,9972.0,9948.0,5741.0,13970.0,20763.0,970.0,13000.0,7763.0,9144.0,17305.0,18407.0,9263.0,8042.0,0.0,0.0,0.0,0.0,0.0,18325.0,24089.0,8702.0,9623.0,14466.0,,,,,,
2021-07-08,0.0,0.0,0.0,0.0,0.0,18.0,10499.0,6891.0,6873.0,3626.0,14308.0,22276.0,2614.0,11694.0,10582.0,13608.0,20049.0,25613.0,12005.0,8044.0,0.0,0.0,0.0,0.0,0.0,15202.0,23238.0,4365.0,10837.0,12401.0,,,,,,
2021-07-09,0.0,0.0,0.0,0.0,0.0,28.0,11465.0,6850.0,6822.0,4643.0,19752.0,18889.0,7324.0,12428.0,6461.0,15375.0,19154.0,26747.0,11372.0,7782.0,0.0,0.0,0.0,0.0,0.0,22376.0,26307.0,10727.0,11649.0,14658.0,,,,,,
2021-07-10,0.0,0.0,0.0,0.0,0.0,12.0,12169.0,6478.0,6466.0,5703.0,8574.0,19695.0,383.0,8204.0,11504.0,4601.0,20441.0,13783.0,9182.0,11259.0,0.0,0.0,0.0,0.0,0.0,12447.0,21298.0,3397.0,9050.0,12248.0,,,,,,
2021-07-11,0.0,0.0,0.0,0.0,0.0,10.0,12929.0,5296.0,5286.0,7643.0,12721.0,21219.0,547.0,12174.0,9045.0,4863.0,15119.0,11187.0,6324.0,8795.0,0.0,0.0,0.0,0.0,0.0,25713.0,24627.0,16034.0,9679.0,14948.0,,,,,,
2021-07-12,0.0,0.0,0.0,0.0,0.0,22.0,12864.0,6675.0,6653.0,6211.0,12094.0,23191.0,418.0,11676.0,11515.0,10654.0,20976.0,21494.0,10840.0,10136.0,0.0,0.0,0.0,0.0,0.0,14746.0,22620.0,5845.0,8901.0,13719.0,,,,,,
2021-07-13,0.0,0.0,0.0,0.0,0.0,32.0,13463.0,8460.0,8428.0,5035.0,10655.0,20481.0,425.0,10230.0,10251.0,9989.0,20462.0,20427.0,10438.0,10024.0,0.0,0.0,0.0,0.0,0.0,12023.0,25545.0,3427.0,8596.0,16949.0,,,,,,
2021-07-14,0.0,0.0,0.0,0.0,0.0,45.0,17219.0,13252.0,13207.0,4012.0,25185.0,20594.0,11039.0,14146.0,6448.0,19178.0,22551.0,32240.0,13062.0,9489.0,0.0,0.0,0.0,0.0,0.0,33636.0,21773.0,21796.0,11840.0,9933.0,,,,,,
2021-07-15,0.0,0.0,0.0,0.0,0.0,50.0,11637.0,7933.0,7883.0,3754.0,11689.0,18313.0,565.0,11124.0,7189.0,12786.0,20533.0,23876.0,11090.0,9443.0,0.0,0.0,0.0,0.0,0.0,18535.0,21622.0,8898.0,9637.0,11985.0,,,,,,
2021-07-16,0.0,0.0,0.0,0.0,0.0,8.0,9531.0,6455.0,6447.0,3084.0,24150.0,20656.0,9964.0,14186.0,6470.0,14408.0,23369.0,27119.0,12711.0,10658.0,0.0,0.0,0.0,0.0,0.0,32567.0,23031.0,22633.0,9934.0,13097.0,,,,,,
2021-07-17,0.0,0.0,0.0,0.0,0.0,153.0,21793.0,17683.0,17530.0,4263.0,25337.0,19377.0,12404.0,12935.0,6444.0,19768.0,20247.0,31571.0,11803.0,8444.0,0.0,0.0,0.0,0.0,0.0,30439.0,22952.0,20350.0,10089.0,12863.0,,,,,,
2021-07-18,0.0,0.0,0.0,0.0,0.0,111.0,15007.0,8731.0,8620.0,6387.0,21463.0,19153.0,8279.0,13188.0,5969.0,11698.0,18274.0,20973.0,9275.0,8999.0,0.0,0.0,0.0,0.0,0.0,29217.0,19394.0,19661.0,9556.0,9838.0,,,,,,
2021-07-19,0.0,0.0,0.0,0.0,0.0,29.0,13748.0,9829.0,9800.0,3948.0,21779.0,17587.0,8793.0,12991.0,4601.0,16463.0,20772.0,27522.0,11059.0,9713.0,0.0,0.0,0.0,0.0,0.0,29317.0,17059.0,20409.0,8908.0,8151.0,,,,,,
2021-07-20,0.0,0.0,0.0,0.0,0.0,19.0,12553.0,8448.0,8429.0,4124.0,23186.0,20661.0,8168.0,15032.0,5643.0,12565.0,28534.0,28419.0,15854.0,12680.0,0.0,0.0,0.0,0.0,0.0,28710.0,29956.0,14112.0,14598.0,15358.0,,,,,,
2021-07-21,0.0,0.0,0.0,0.0,0.0,55.0,12539.0,8986.0,8931.0,3608.0,22997.0,17198.0,10629.0,12372.0,4830.0,11725.0,26587.0,27153.0,15428.0,11159.0,0.0,0.0,0.0,0.0,0.0,28592.0,35226.0,12504.0,16088.0,19138.0,,,,,,
2021-07-22,0.0,0.0,0.0,0.0,0.0,24.0,13009.0,8935.0,8911.0,4098.0,22045.0,16298.0,10517.0,11549.0,4770.0,11216.0,28690.0,27332.0,16116.0,12574.0,0.0,0.0,0.0,0.0,0.0,28332.0,29737.0,14366.0,13966.0,15771.0,,,,,,
2021-07-23,0.0,0.0,0.0,0.0,0.0,32.0,11327.0,7077.0,7045.0,4282.0,22921.0,16030.0,11108.0,11819.0,4217.0,12448.0,23006.0,25005.0,12557.0,10449.0,189.0,19337.0,12284.0,12473.0,7053.0,29164.0,31572.0,13796.0,15368.0,16204.0,,,,,,
2021-07-24,0.0,0.0,0.0,0.0,0.0,18.0,12760.0,5577.0,5559.0,7201.0,7043.0,21838.0,298.0,6779.0,15093.0,2971.0,18028.0,9368.0,6397.0,11631.0,246.0,36798.0,6821.0,7067.0,29977.0,8592.0,18136.0,2032.0,6560.0,11576.0,,,,,,
2021-07-25,0.0,0.0,0.0,0.0,0.0,25.0,12098.0,4241.0,4216.0,7882.0,5068.0,20836.0,266.0,4802.0,16034.0,1881.0,17139.0,7427.0,5546.0,11593.0,170.0,38169.0,8723.0,8893.0,29446.0,7294.0,13323.0,2665.0,4629.0,8694.0,,,,,,
2021-07-26,0.0,73.0,73.0,92.0,165.0,19.0,13855.0,6911.0,6892.0,6963.0,17642.0,18113.0,6253.0,11389.0,6724.0,15820.0,20191.0,27103.0,11283.0,8908.0,264.0,34951.0,17828.0,18092.0,17123.0,20742.0,20084.0,11847.0,8895.0,11189.0,,,,,,
2021-07-27,0.0,0.0,0.0,0.0,0.0,9.0,10319.0,4570.0,4561.0,5758.0,12230.0,22802.0,440.0,11794.0,11012.0,4626.0,20535.0,11900.0,7274.0,13261.0,29.0,40949.0,10027.0,10056.0,30922.0,18230.0,21553.0,8923.0,9307.0,12246.0,,,,,,
2021-07-28,0.0,0.0,0.0,0.0,0.0,31.0,16313.0,10325.0,10294.0,6019.0,15082.0,21547.0,4110.0,10972.0,10575.0,14578.0,21759.0,26865.0,12287.0,9472.0,301.0,32486.0,12482.0,12783.0,20004.0,13908.0,22661.0,5771.0,8137.0,14524.0,,,,,,
2021-07-29,0.0,0.0,0.0,0.0,0.0,8.0,13673.0,9093.0,9085.0,4588.0,24337.0,21475.0,9991.0,14346.0,7129.0,15146.0,18538.0,23644.0,8498.0,10040.0,11.0,33458.0,5423.0,5434.0,28035.0,31240.0,21062.0,21405.0,9835.0,11227.0,,,,,,
2021-07-30,3.0,1855.0,1858.0,2522.0,4377.0,18.0,9286.0,4604.0,4586.0,4700.0,9400.0,25474.0,725.0,8682.0,16799.0,5102.0,21116.0,12882.0,7780.0,13336.0,256.0,15568.0,5966.0,6222.0,9602.0,11779.0,21043.0,4596.0,7183.0,13860.0,,,,,,
2021-07-31,3.0,20582.0,17606.0,2976.0,2979.0,5231.0,10216.0,11.0,5220.0,4996.0,463.0,25553.0,9333.0,9796.0,16220.0,8354.0,5135.0,13489.0,9745.0,18099.0,22.0,30864.0,11993.0,11971.0,18893.0,7859.0,22539.0,14680.0,5079.0,12938.0,0.0,0.0,0.0,0.0,0.0,0.0
2021-08-01,40.0,23744.0,17920.0,5824.0,5864.0,8989.0,16235.0,58.0,8931.0,7304.0,650.0,24467.0,10541.0,11182.0,13935.0,9434.0,9310.0,18744.0,10523.0,19957.0,25.0,22525.0,6908.0,6883.0,15642.0,7710.0,17969.0,10259.0,6637.0,14347.0,1.0,0.0,0.0,0.0,0.0,0.0
2021-08-02,4.0,9372.0,6143.0,3229.0,3233.0,3302.0,8652.0,7.0,3295.0,5357.0,1598.0,20923.0,10971.0,12569.0,9952.0,6336.0,5455.0,11791.0,10662.0,16998.0,41.0,39841.0,11093.0,11052.0,28789.0,8240.0,20906.0,12666.0,9675.0,17915.0,2.0,0.0,0.0,0.0,0.0,0.0
2021-08-03,29.0,16645.0,9748.0,6897.0,6926.0,11337.0,17338.0,101.0,11236.0,6102.0,4172.0,20442.0,12978.0,17150.0,7464.0,9672.0,13566.0,23238.0,11493.0,21165.0,314.0,31265.0,9040.0,8726.0,22539.0,10018.0,23396.0,13378.0,9501.0,19519.0,3.0,0.0,0.0,0.0,0.0,0.0
2021-08-04,9.0,11995.0,7721.0,4274.0,4283.0,4638.0,9374.0,7.0,4631.0,4743.0,10128.0,17478.0,11871.0,21999.0,5607.0,9995.0,12816.0,22811.0,8662.0,18657.0,342.0,34823.0,9395.0,9053.0,25770.0,9327.0,20204.0,10877.0,14304.0,23631.0,4.0,0.0,0.0,0.0,30.0,30.0
2021-08-05,3.0,11781.0,7250.0,4531.0,4534.0,3898.0,12621.0,8.0,3890.0,8731.0,686.0,20465.0,8837.0,9523.0,11628.0,6339.0,2667.0,9006.0,12161.0,18500.0,275.0,22469.0,4646.0,4371.0,18098.0,8762.0,20912.0,12150.0,8548.0,17310.0,5.0,2408.0,3.0,2411.0,5501.0,7909.0
2021-08-06,5.0,15532.0,6648.0,8884.0,8889.0,4738.0,11832.0,10.0,4728.0,7104.0,4600.0,22940.0,13202.0,17802.0,9738.0,9039.0,10399.0,19438.0,9738.0,18777.0,12.0,39463.0,5424.0,5412.0,34051.0,9011.0,19391.0,10380.0,8456.0,17467.0,6.0,3493.0,18.0,3511.0,6365.0,9858.0
2021-08-07,33.0,15626.0,8751.0,6875.0,6908.0,7679.0,14913.0,30.0,7649.0,7264.0,4093.0,19457.0,11884.0,15977.0,7573.0,8963.0,9342.0,18305.0,10402.0,19365.0,14.0,26372.0,5466.0,5452.0,20920.0,9653.0,25001.0,15348.0,12960.0,22613.0,7.0,6197.0,2.0,6199.0,3855.0,10052.0
2021-08-08,61.0,23980.0,15248.0,8732.0,8793.0,9782.0,15302.0,81.0,9701.0,5601.0,717.0,19457.0,10546.0,11263.0,8911.0,11415.0,11926.0,23341.0,10313.0,21728.0,44.0,38748.0,9794.0,9750.0,28998.0,8308.0,19505.0,11197.0,3956.0,12264.0,8.0,4863.0,6.0,4869.0,3001.0,7864.0
2021-08-09,34.0,18628.0,8317.0,10311.0,10345.0,5572.0,10301.0,12.0,5560.0,4741.0,4869.0,20608.0,12142.0,17011.0,8466.0,9556.0,8267.0,17823.0,11672.0,21228.0,10.0,25646.0,5831.0,5821.0,19825.0,10644.0,25499.0,14855.0,9109.0,19753.0,9.0,4705.0,31.0,4736.0,4659.0,9364.0
2021-08-10,5.0,11578.0,6292.0,5286.0,5291.0,8727.0,13559.0,28.0,8699.0,4860.0,5536.0,19807.0,11312.0,16848.0,8495.0,10712.0,12778.0,23490.0,11663.0,22375.0,20.0,14876.0,5549.0,5529.0,9347.0,9653.0,20655.0,11002.0,10324.0,19977.0,10.0,9579.0,60.0,9639.0,3052.0,12631.0
2021-08-11,9.0,12326.0,7229.0,5097.0,5106.0,9262.0,13998.0,18.0,9244.0,4754.0,5631.0,18922.0,11185.0,16816.0,7737.0,9444.0,9343.0,18787.0,10606.0,20050.0,10.0,21081.0,5458.0,5448.0,15633.0,10047.0,24466.0,14419.0,12047.0,22094.0,11.0,7322.0,3.0,7325.0,2004.0,9326.0
2021-08-12,12.0,16228.0,11227.0,5001.0,5013.0,6645.0,11540.0,22.0,6623.0,4917.0,482.0,19884.0,9997.0,10465.0,9901.0,7949.0,6133.0,14082.0,10548.0,18497.0,42.0,24231.0,6944.0,6902.0,17329.0,8870.0,20985.0,12115.0,7851.0,16721.0,12.0,5763.0,21.0,5784.0,3234.0,8997.0
2021-08-13,18.0,13294.0,8035.0,5259.0,5277.0,4768.0,11217.0,10.0,4758.0,6459.0,451.0,19698.0,9507.0,9958.0,10191.0,8432.0,8410.0,16842.0,8449.0,16881.0,14.0,27731.0,5847.0,5833.0,21898.0,8662.0,21347.0,12685.0,3407.0,12069.0,13.0,6753.0,14.0,6767.0,2463.0,9216.0
2021-08-14,17.0,14231.0,8792.0,5439.0,5456.0,8108.0,15381.0,99.0,8009.0,7372.0,529.0,17765.0,10160.0,10677.0,7617.0,9635.0,9728.0,19363.0,10707.0,20342.0,21.0,32094.0,9364.0,9343.0,22751.0,7527.0,22744.0,15217.0,3799.0,11326.0,14.0,6435.0,6.0,6441.0,2581.0,9016.0
2021-08-15,59.0,14637.0,8877.0,5760.0,5819.0,9296.0,16274.0,34.0,9262.0,7012.0,3015.0,18440.0,9954.0,12968.0,8487.0,8471.0,5285.0,13756.0,13032.0,21503.0,112.0,34040.0,12404.0,12292.0,21748.0,7233.0,16415.0,9182.0,9535.0,16768.0,15.0,4523.0,25.0,4548.0,4230.0,8753.0
2021-08-16,52.0,13560.0,8779.0,4781.0,4833.0,6376.0,11231.0,14.0,6362.0,4869.0,2691.0,20494.0,12228.0,14919.0,8266.0,9413.0,6105.0,15518.0,10512.0,19925.0,39.0,31274.0,8070.0,8031.0,23243.0,10072.0,22759.0,12687.0,11816.0,21888.0,16.0,6765.0,4.0,6769.0,4638.0,11403.0
2021-08-17,49.0,10024.0,7253.0,2771.0,2820.0,3738.0,11737.0,8.0,3730.0,8007.0,289.0,21685.0,4704.0,4993.0,16981.0,5637.0,1708.0,7345.0,14453.0,20090.0,15.0,33916.0,5571.0,5556.0,28360.0,6130.0,20011.0,13881.0,1342.0,7472.0,17.0,3689.0,2.0,3691.0,5018.0,8707.0
2021-08-18,17.0,16542.0,8488.0,8054.0,8071.0,6287.0,12930.0,32.0,6255.0,6675.0,5259.0,20764.0,10501.0,15746.0,10277.0,8568.0,8762.0,17330.0,12101.0,20669.0,290.0,36195.0,11429.0,11139.0,25056.0,7763.0,23058.0,15295.0,9227.0,16990.0,18.0,5491.0,4.0,5495.0,4202.0,9693.0
2021-08-19,1.0,7899.0,2812.0,5087.0,5088.0,5148.0,11877.0,8.0,5140.0,6737.0,3200.0,19118.0,11066.0,14266.0,8052.0,8868.0,8852.0,17720.0,9400.0,18268.0,37.0,31430.0,9826.0,9789.0,21641.0,8921.0,20638.0,11717.0,9486.0,18407.0,19.0,4388.0,24.0,4412.0,4299.0,8687.0
2021-08-20,1.0,7260.0,2463.0,4797.0,4798.0,4160.0,12790.0,10.0,4150.0,8640.0,368.0,17394.0,7361.0,7729.0,10033.0,7291.0,3218.0,10509.0,12848.0,20139.0,72.0,39906.0,11849.0,11777.0,28129.0,7449.0,21290.0,13841.0,4832.0,12281.0,20.0,7453.0,3.0,7456.0,3167.0,10620.0
2021-08-21,1.0,4757.0,2694.0,2063.0,2064.0,4527.0,12561.0,24.0,4503.0,8058.0,279.0,20355.0,4100.0,4369.0,16265.0,5696.0,2402.0,8098.0,14248.0,19944.0,4.0,14250.0,4040.0,4036.0,10214.0,5356.0,23425.0,18069.0,1098.0,6454.0,21.0,3085.0,2.0,3087.0,2405.0,5490.0
2021-08-22,1.0,5921.0,2466.0,3455.0,3456.0,14072.0,20627.0,144.0,13928.0,6699.0,4901.0,19835.0,13220.0,18113.0,6623.0,15438.0,10797.0,26235.0,12896.0,28334.0,18.0,18355.0,6096.0,6078.0,12277.0,7453.0,19688.0,12235.0,11800.0,19253.0,22.0,7308.0,22.0,7330.0,3642.0,10950.0
2021-08-23,29.0,13665.0,5858.0,7807.0,7836.0,8609.0,13394.0,34.0,8575.0,4819.0,2723.0,20009.0,9624.0,12347.0,10385.0,12313.0,12901.0,25214.0,12780.0,25093.0,37.0,33439.0,8203.0,8166.0,25273.0,6065.0,20476.0,14411.0,2613.0,8678.0,23.0,4626.0,2.0,4628.0,3475.0,8101.0
2021-08-24,31.0,8590.0,3095.0,5495.0,5526.0,7597.0,12011.0,26.0,7571.0,4440.0,11477.0,21080.0,12725.0,24192.0,8365.0,11953.0,13001.0,24954.0,12171.0,24124.0,32.0,26220.0,10110.0,10078.0,16142.0,8736.0,20354.0,11618.0,15252.0,23988.0,24.0,6203.0,6.0,6209.0,2623.0,8826.0
2021-08-25,1.0,6564.0,2550.0,4014.0,4015.0,5928.0,11355.0,18.0,5910.0,5445.0,724.0,22295.0,12589.0,13313.0,9706.0,9272.0,5968.0,15240.0,13023.0,22295.0,16.0,30480.0,7269.0,7253.0,23227.0,7705.0,19453.0,11748.0,7577.0,15282.0,25.0,7648.0,12.0,7660.0,4138.0,11786.0
2021-08-26,1.0,7887.0,2559.0,5328.0,5329.0,5845.0,11750.0,17.0,5828.0,5922.0,11961.0,17741.0,10926.0,22887.0,6815.0,11303.0,13849.0,25152.0,8795.0,20098.0,23.0,35167.0,6939.0,6916.0,28251.0,7464.0,21549.0,14085.0,12625.0,20089.0,26.0,5576.0,18.0,5594.0,2607.0,8183.0
2021-08-27,8.0,15091.0,11633.0,3458.0,3466.0,4233.0,11327.0,6.0,4227.0,7100.0,387.0,21323.0,7778.0,8161.0,13549.0,7275.0,3978.0,11253.0,13754.0,21029.0,51.0,44102.0,10503.0,10452.0,33650.0,5324.0,13909.0,8585.0,6524.0,11848.0,27.0,4860.0,5.0,4865.0,3583.0,8443.0
2021-08-28,25.0,16733.0,12012.0,4721.0,4746.0,10755.0,18104.0,128.0,10627.0,7477.0,4556.0,19656.0,10016.0,14572.0,9640.0,9061.0,12346.0,21407.0,12969.0,22030.0,28.0,37445.0,9674.0,9646.0,27799.0,5712.0,21049.0,15337.0,8616.0,14328.0,28.0,6156.0,6.0,6162.0,4519.0,10675.0
2021-08-29,43.0,22933.0,17420.0,5513.0,5556.0,6640.0,14330.0,27.0,6613.0,7717.0,838.0,21766.0,7466.0,8301.0,14303.0,7389.0,2194.0,9583.0,14717.0,22106.0,33.0,46946.0,9753.0,9720.0,37226.0,8610.0,20466.0,11856.0,3913.0,12523.0,29.0,5959.0,3.0,5962.0,3797.0,9756.0
2021-08-30,11.0,16409.0,13114.0,3295.0,3306.0,2847.0,11303.0,4.0,2843.0,8460.0,245.0,22223.0,3972.0,4217.0,18251.0,4857.0,983.0,5840.0,14244.0,19101.0,7.0,24586.0,5867.0,5860.0,18726.0,5128.0,23479.0,18351.0,1193.0,6321.0,30.0,3540.0,2.0,3542.0,3424.0,6964.0
