[{"details": {"id": 2274372, "name": "14 Wood Lane, Springfield Meadows", "accountId": 2649, "status": "Active", "peakPower": 7.15, "lastUpdateTime": "2021-09-27", "installationDate": "2021-04-06", "ptoDate": null, "notes": "", "type": "Optimizers & Inverters", "location": {"country": "United Kingdom", "city": "Longworth", "address": "14 Wood Lane", "address2": "", "zip": "OX13 5PL", "timeZone": "Europe/London", "countryCode": "GB"}, "primaryModule": {"manufacturerName": "JA solar", "modelName": "JAM60S17-325/MR", "maximumPower": 325.0, "temperatureCoef": -0.35}, "uris": {"DETAILS": "/site/2274372/details", "DATA_PERIOD": "/site/2274372/dataPeriod", "OVERVIEW": "/site/2274372/overview"}, "publicSettings": {"isPublic": false}}}, {"Inventory": {"meters": [{"name": "Consumption Meter", "firmwareVersion": "", "connectedTo": "Inverter 1", "connectedSolaredgeDeviceSN": "7302220B-A2", "type": "Consumption", "form": "virtual"}, {"name": "Self Consumption", "firmwareVersion": "", "connectedTo": "Inverter 1", "connectedSolaredgeDeviceSN": "7302220B-A2", "type": "SelfConsumption", "form": "virtual"}, {"name": "Import Meter", "manufacturer": "WattNode", "model": "WND-3Y-400-MB", "firmwareVersion": "31", "connectedTo": "Inverter 1", "connectedSolaredgeDeviceSN": "7302220B-A2", "type": "Purchased", "form": "physical", "SN": "5068083"}, {"name": "Export Meter", "manufacturer": "WattNode", "model": "WND-3Y-400-MB", "firmwareVersion": "31", "connectedTo": "Inverter 1", "connectedSolaredgeDeviceSN": "7302220B-A2", "type": "FeedIn", "form": "physical", "SN": "5068083"}], "sensors": [], "gateways": [], "batteries": [], "inverters": [{"name": "Inverter 1", "manufacturer": "SolarEdge", "model": "SE6000H-RW000BNN4", "communicationMethod": "WIFI", "cpuVersion": "4.12.35", "SN": "7302220B-A2", "connectedOptimizers": 22}]}}, {"overview": {"lastUpdateTime": "2021-09-27 08:55:29", "lifeTimeData": {"energy": 907652.0}, "lastYearData": {"energy": 903925.0}, "lastMonthData": {"energy": 152675.0}, "lastDayData": {"energy": 185.0}, "currentPower": {"power": 179.20476}, "measuredBy": "INVERTER"}}]