[{"details": {"id": 1816420, "name": "19 Wood Lane, Springfield Meadows", "accountId": 2649, "status": "Active", "peakPower": 6.2, "lastUpdateTime": "2021-09-27", "installationDate": "2020-03-28", "ptoDate": null, "notes": "", "type": "Optimizers & Inverters", "location": {"country": "United Kingdom", "city": "Abingdon", "address": "19 Wood Lane", "address2": "Longworth", "zip": "OX13 5PL", "timeZone": "Europe/London", "countryCode": "GB"}, "primaryModule": {"manufacturerName": "REC", "modelName": "310TP2M", "maximumPower": 310.0, "temperatureCoef": 0.0}, "uris": {"SITE_IMAGE": "/site/1816420/siteImage/IMG_20191003_142850.jpg", "DATA_PERIOD": "/site/1816420/dataPeriod", "DETAILS": "/site/1816420/details", "OVERVIEW": "/site/1816420/overview"}, "publicSettings": {"isPublic": false}}}, {"Inventory": {"meters": [{"name": "Consumption Meter", "firmwareVersion": "", "connectedTo": "Inverter 1", "connectedSolaredgeDeviceSN": "731A4CA3-7C", "type": "Consumption", "form": "virtual"}, {"name": "Self Consumption", "firmwareVersion": "", "connectedTo": "Inverter 1", "connectedSolaredgeDeviceSN": "731A4CA3-7C", "type": "SelfConsumption", "form": "virtual"}, {"name": "Export Meter", "manufacturer": "WattNode", "model": "WND-3Y-400-MB", "firmwareVersion": "31", "connectedTo": "Inverter 1", "connectedSolaredgeDeviceSN": "731A4CA3-7C", "type": "FeedIn", "form": "physical", "SN": "5021255"}, {"name": "Import Meter", "manufacturer": "WattNode", "model": "WND-3Y-400-MB", "firmwareVersion": "31", "connectedTo": "Inverter 1", "connectedSolaredgeDeviceSN": "731A4CA3-7C", "type": "Purchased", "form": "physical", "SN": "5021255"}], "sensors": [], "gateways": [], "batteries": [], "inverters": [{"name": "Inverter 1", "manufacturer": "SolarEdge", "model": "SE5000H-RW000BNN4", "communicationMethod": "ETHERNET", "cpuVersion": "4.9.33", "SN": "731A4CA3-7C", "connectedOptimizers": 20}]}}, {"overview": {"lastUpdateTime": "2021-09-27 08:53:37", "lifeTimeData": {"energy": 8290327.0}, "lastYearData": {"energy": 4032991.0}, "lastMonthData": {"energy": 367206.0}, "lastDayData": {"energy": 192.0}, "currentPower": {"power": 192.41313}, "measuredBy": "INVERTER"}}]