[{"details": {"id": 2384874, "name": "22 Wood Lane, Springfield Meadows", "accountId": 2649, "status": "Active", "peakPower": 10.66, "lastUpdateTime": "2021-09-27", "installationDate": "2021-04-30", "ptoDate": null, "notes": "", "type": "Optimizers & Inverters", "location": {"country": "United Kingdom", "city": "Abingdon", "address": "Bullockspits Lane", "zip": "OX13 5HJ", "timeZone": "Europe/London", "countryCode": "GB"}, "primaryModule": {"manufacturerName": "JA solar", "modelName": "JAM72S10-410/MR (1000V)", "maximumPower": 410.0, "temperatureCoef": -0.35}, "uris": {"DETAILS": "/site/2384874/details", "DATA_PERIOD": "/site/2384874/dataPeriod", "OVERVIEW": "/site/2384874/overview"}, "publicSettings": {"isPublic": false}}}, {"Inventory": {"meters": [{"name": "Self Consumption", "firmwareVersion": "", "connectedTo": "Inverter 1", "connectedSolaredgeDeviceSN": "74025D04-D7", "type": "SelfConsumption", "form": "virtual"}, {"name": "Export Meter", "manufacturer": "SolarEdge", "model": "SE-RGMTR-1D-240C-A", "firmwareVersion": "31", "connectedTo": "Inverter 1", "connectedSolaredgeDeviceSN": "74025D04-D7", "type": "FeedIn", "form": "physical", "SN": "5068597"}, {"name": "Consumption Meter", "firmwareVersion": "", "connectedTo": "Inverter 1", "connectedSolaredgeDeviceSN": "74025D04-D7", "type": "Consumption", "form": "virtual"}, {"name": "Import Meter", "manufacturer": "SolarEdge", "model": "SE-RGMTR-1D-240C-A", "firmwareVersion": "31", "connectedTo": "Inverter 1", "connectedSolaredgeDeviceSN": "74025D04-D7", "type": "Purchased", "form": "physical", "SN": "5068597"}], "sensors": [], "gateways": [], "batteries": [], "inverters": [{"name": "Inverter 1", "manufacturer": "SolarEdge", "model": "SE8000H-RW000BNN4", "communicationMethod": "ETHERNET", "cpuVersion": "4.13.40", "SN": "74025D04-D7", "connectedOptimizers": 26}]}}, {"overview": {"lastUpdateTime": "2021-09-27 09:06:22", "lifeTimeData": {"energy": 703578.0}, "lastYearData": {"energy": 677295.0}, "lastMonthData": {"energy": 331386.0}, "lastDayData": {"energy": 1009.0}, "currentPower": {"power": 2391.6023}, "measuredBy": "INVERTER"}}]