[{"details": {"id": 2401661, "name": "24 Wood Lane, Springfield Meadows", "accountId": 2649, "status": "Active", "peakPower": 7.15, "lastUpdateTime": "2021-09-27", "installationDate": "2021-08-04", "ptoDate": null, "notes": "", "type": "Optimizers & Inverters", "location": {"country": "United Kingdom", "city": "Abingdon", "address": "Bullockspits Lane", "zip": "OX13 5HJ", "timeZone": "Europe/London", "countryCode": "GB"}, "primaryModule": {"manufacturerName": "JA solar", "modelName": "JAM60S17-325/MR", "maximumPower": 325.0, "temperatureCoef": -0.35}, "uris": {"DETAILS": "/site/2401661/details", "DATA_PERIOD": "/site/2401661/dataPeriod", "OVERVIEW": "/site/2401661/overview"}, "publicSettings": {"isPublic": false}}}, {"Inventory": {"meters": [{"name": "Consumption Meter", "firmwareVersion": "", "connectedTo": "Inverter 1", "connectedSolaredgeDeviceSN": "73025C45-16", "type": "Consumption", "form": "virtual"}, {"name": "Self Consumption", "firmwareVersion": "", "connectedTo": "Inverter 1", "connectedSolaredgeDeviceSN": "73025C45-16", "type": "SelfConsumption", "form": "virtual"}, {"name": "Export Meter", "manufacturer": "WattNode", "model": "WND-3Y-400-MB", "firmwareVersion": "31", "connectedTo": "Inverter 1", "connectedSolaredgeDeviceSN": "73025C45-16", "type": "FeedIn", "form": "physical", "SN": "5068794"}, {"name": "Import Meter", "manufacturer": "WattNode", "model": "WND-3Y-400-MB", "firmwareVersion": "31", "connectedTo": "Inverter 1", "connectedSolaredgeDeviceSN": "73025C45-16", "type": "Purchased", "form": "physical", "SN": "5068794"}], "sensors": [], "gateways": [], "batteries": [], "inverters": [{"name": "Inverter 1", "manufacturer": "SolarEdge", "model": "SE6000H-RW000BNN4", "communicationMethod": "WIFI", "cpuVersion": "4.13.40", "SN": "73025C45-16", "connectedOptimizers": 22}]}}, {"overview": {"lastUpdateTime": "2021-09-27 09:08:56", "lifeTimeData": {"energy": 461479.0}, "lastYearData": {"energy": 308039.0}, "lastMonthData": {"energy": 157919.0}, "lastDayData": {"energy": 179.0}, "currentPower": {"power": 216.02441}, "measuredBy": "INVERTER"}}]