[{"details": {"id": 2384458, "name": "10 Wood Lane, Springfield Meadows", "accountId": 2649, "status": "Active", "peakPower": 4.42, "lastUpdateTime": "2021-09-27", "installationDate": "2021-07-19", "ptoDate": null, "notes": "", "type": "Optimizers & Inverters", "location": {"country": "United Kingdom", "city": "Abingdon", "address": "Longworth", "address2": "", "zip": "OX13 5PL", "timeZone": "Europe/London", "countryCode": "GB"}, "primaryModule": {"manufacturerName": "JA solar", "modelName": "JAM60S10-340/MR (1000V)", "maximumPower": 340.0, "temperatureCoef": -0.35}, "uris": {"DETAILS": "/site/2384458/details", "DATA_PERIOD": "/site/2384458/dataPeriod", "OVERVIEW": "/site/2384458/overview"}, "publicSettings": {"isPublic": false}}}, {"Inventory": {"meters": [{"name": "Self Consumption", "firmwareVersion": "", "connectedTo": "Inverter 1", "connectedSolaredgeDeviceSN": "74001D07-98", "type": "SelfConsumption", "form": "virtual"}, {"name": "Import Meter", "manufacturer": "WattNode", "model": "WND-3Y-400-MB", "firmwareVersion": "31", "connectedTo": "Inverter 1", "connectedSolaredgeDeviceSN": "74001D07-98", "type": "Purchased", "form": "physical", "SN": "5068878"}, {"name": "Export Meter", "manufacturer": "WattNode", "model": "WND-3Y-400-MB", "firmwareVersion": "31", "connectedTo": "Inverter 1", "connectedSolaredgeDeviceSN": "74001D07-98", "type": "FeedIn", "form": "physical", "SN": "5068878"}, {"name": "Consumption Meter", "firmwareVersion": "", "connectedTo": "Inverter 1", "connectedSolaredgeDeviceSN": "74001D07-98", "type": "Consumption", "form": "virtual"}], "sensors": [], "gateways": [], "batteries": [], "inverters": [{"name": "Inverter 1", "manufacturer": "SolarEdge", "model": "SE3000H-RW000BNN4", "communicationMethod": "ETHERNET", "cpuVersion": "4.12.35", "SN": "74001D07-98", "connectedOptimizers": 13}]}}, {"overview": {"lastUpdateTime": "2021-09-27 08:59:46", "lifeTimeData": {"energy": 294722.0}, "lastYearData": {"energy": 291792.0}, "lastMonthData": {"energy": 120999.0}, "lastDayData": {"energy": 167.0}, "currentPower": {"power": 256.4736}, "measuredBy": "INVERTER"}}]