[{"details": {"id": 2055689, "name": "17 Wood Lane, Springfield Meadows", "accountId": 2649, "status": "Active", "peakPower": 4.34, "lastUpdateTime": "2021-09-27", "installationDate": "2021-01-26", "ptoDate": null, "notes": "", "type": "Optimizers & Inverters", "location": {"country": "United Kingdom", "city": "Abingdon", "address": "17 Wood Lane, ", "address2": "Longworth,", "zip": "OX13 5PL", "timeZone": "Europe/London", "countryCode": "GB"}, "primaryModule": {"manufacturerName": "JA solar", "modelName": "JAM60S12-310/PR", "maximumPower": 310.0, "temperatureCoef": -0.37}, "uris": {"SITE_IMAGE": "/site/2055689/siteImage/IMG_20200826_145154.jpg", "DATA_PERIOD": "/site/2055689/dataPeriod", "DETAILS": "/site/2055689/details", "OVERVIEW": "/site/2055689/overview"}, "publicSettings": {"isPublic": false}}}, {"Inventory": {"meters": [{"name": "Export Meter", "manufacturer": "WattNode", "model": "WND-3Y-400-MB", "firmwareVersion": "31", "connectedTo": "Inverter 1", "connectedSolaredgeDeviceSN": "7305E398-F3", "type": "FeedIn", "form": "physical", "SN": "5064819"}, {"name": "Consumption Meter", "firmwareVersion": "", "connectedTo": "Inverter 1", "connectedSolaredgeDeviceSN": "7305E398-F3", "type": "Consumption", "form": "virtual"}, {"name": "Self Consumption", "firmwareVersion": "", "connectedTo": "Inverter 1", "connectedSolaredgeDeviceSN": "7305E398-F3", "type": "SelfConsumption", "form": "virtual"}, {"name": "Import Meter", "manufacturer": "WattNode", "model": "WND-3Y-400-MB", "firmwareVersion": "31", "connectedTo": "Inverter 1", "connectedSolaredgeDeviceSN": "7305E398-F3", "type": "Purchased", "form": "physical", "SN": "5064819"}], "sensors": [], "gateways": [], "batteries": [{"name": "Battery 1.1", "manufacturer": "LG", "model": "R11163P3SSEG12006109034", "firmwareVersion": "DCDC 5.4.8 BMS 1.7.0.1", "connectedTo": "Inverter 1", "connectedInverterSn": "7305E398-F3", "nameplateCapacity": 7000.0, "SN": "R11163P3SSEG12006109034"}], "inverters": [{"name": "Inverter 1", "manufacturer": "SolarEdge", "model": "SE3680H-RWS00BNO4", "communicationMethod": "ETHERNET", "cpuVersion": "4.12.35", "SN": "7305E398-F3", "connectedOptimizers": 14}]}}, {"overview": {"lastUpdateTime": "2021-09-27 09:08:06", "lifeTimeData": {"energy": 3291192.0}, "lastYearData": {"energy": 3290602.0}, "lastMonthData": {"energy": 345146.0}, "lastDayData": {"energy": 836.0}, "currentPower": {"power": 2395.3296}, "measuredBy": "INVERTER"}}]